Summary,CVEs,Severity,Type,Provider,Component,Infected Version,Fix Version,Edited,Component Versions Id,CVSS v2,CVSS v3,Cwe,Id,Is Source Root,Source Comp Id,Source Id
"Those using java.sql.Statement or java.sql.PreparedStatement in hsqldb (HyperSQL DataBase) to process untrusted input may be vulnerable to a remote code execution attack. By default it is allowed to call any static method of any Java class in the classpath resulting in code execution. The issue can be prevented by updating to 2.7.1 or by setting the system property ""hsqldb.method_class_names"" to classes which are allowed to be called. For example, System.setProperty(""hsqldb.method_class_names"", ""abc"") or Java argument -Dhsqldb.method_class_names=""abc"" can be used. From version 2.7.1 all classes by default are not accessible except those in java.lang.Math and need to be manually enabled.",CVE-2022-41853,Critical,security,JFrog,org.hsqldb:hsqldb,< 2.7.1,2.7.1,2023-02-01T21:15:50-05:00,org.hsqldb:hsqldb,,9.8/CVSS:3.1/AV:N/AC:L/PR:N/UI:N/S:U/C:H/I:H/A:H,NVD-CWE-noinfo,XRAY-256683,FALSE,gav://org.hsqldb:hsqldb:2.5.2,gav://org.hsqldb:hsqldb
"Xstream API versions up to 1.4.6 and version 1.4.10, if the security framework has not been initialized, may allow a remote attacker to run arbitrary shell commands by manipulating the processed input stream when unmarshaling XML or any supported format. e.g. JSON.",CVE-2013-7285,Critical,security,JFrog,com.thoughtworks.xstream:xstream,< 1.4.6,1.4.6,2023-02-01T21:16:13-05:00,com.thoughtworks.xstream:xstream,7.5/CVSS:2.0/AV:N/AC:L/Au:N/C:P/I:P/A:P,9.8/CVSS:3.1/AV:N/AC:L/PR:N/UI:N/S:U/C:H/I:H/A:H,CWE-78,XRAY-60282,FALSE,gav://com.thoughtworks.xstream:xstream:1.4.5,gav://com.thoughtworks.xstream:xstream
SnakeYaml's Constructor() class does not restrict types which can be instantiated during deserialization. Deserializing yaml content provided by an attacker can lead to remote code execution. We recommend using SnakeYaml's SafeConsturctor when parsing untrusted content to restrict deserialization.,CVE-2022-1471,Critical,security,JFrog,org.yaml:snakeyaml,≤ 1.33,,2023-01-06T21:14:13-05:00,org.yaml:snakeyaml,,9.8/CVSS:3.1/AV:N/AC:L/PR:N/UI:N/S:U/C:H/I:H/A:H,CWE-502,XRAY-262821,FALSE,gav://org.yaml:snakeyaml:1.28,gav://org.yaml:snakeyaml
"XStream is a Java library to serialize objects to XML and back again. In XStream before version 1.4.16, there is a vulnerability which may allow a remote attacker to load and execute arbitrary code from a remote host only by manipulating the processed input stream. No user is affected, who followed the recommendation to setup XStream's security framework with a whitelist limited to the minimal required types. If you rely on XStream's default blacklist of the Security Framework, you will have to use at least version 1.4.16.",CVE-2021-21346,Critical,security,JFrog,com.thoughtworks.xstream:xstream,< 1.4.16,1.4.16,2023-02-01T21:15:58-05:00,com.thoughtworks.xstream:xstream,7.5/CVSS:2.0/AV:N/AC:L/Au:N/C:P/I:P/A:P,9.8/CVSS:3.1/AV:N/AC:L/PR:N/UI:N/S:U/C:H/I:H/A:H,"CWE-434,CWE-502",XRAY-157673,FALSE,gav://com.thoughtworks.xstream:xstream:1.4.5,gav://com.thoughtworks.xstream:xstream
"XStream is a Java library to serialize objects to XML and back again. In XStream before version 1.4.16, there is a vulnerability which may allow a remote attacker to load and execute arbitrary code from a remote host only by manipulating the processed input stream. No user is affected, who followed the recommendation to setup XStream's security framework with a whitelist limited to the minimal required types. If you rely on XStream's default blacklist of the Security Framework, you will have to use at least version 1.4.16.",CVE-2021-21347,Critical,security,JFrog,com.thoughtworks.xstream:xstream,< 1.4.16,1.4.16,2023-02-01T21:15:58-05:00,com.thoughtworks.xstream:xstream,7.5/CVSS:2.0/AV:N/AC:L/Au:N/C:P/I:P/A:P,9.8/CVSS:3.1/AV:N/AC:L/PR:N/UI:N/S:U/C:H/I:H/A:H,"CWE-434,CWE-502",XRAY-157672,FALSE,gav://com.thoughtworks.xstream:xstream:1.4.5,gav://com.thoughtworks.xstream:xstream
"XStream is a Java library to serialize objects to XML and back again. In XStream before version 1.4.16, there is a vulnerability which may allow a remote attacker to execute arbitrary code only by manipulating the processed input stream. No user is affected, who followed the recommendation to setup XStream's security framework with a whitelist limited to the minimal required types. If you rely on XStream's default blacklist of the Security Framework, you will have to use at least version 1.4.16.",CVE-2021-21350,Critical,security,JFrog,com.thoughtworks.xstream:xstream,< 1.4.16,1.4.16,2023-02-01T21:17:28-05:00,com.thoughtworks.xstream:xstream,7.5/CVSS:2.0/AV:N/AC:L/Au:N/C:P/I:P/A:P,9.8/CVSS:3.1/AV:N/AC:L/PR:N/UI:N/S:U/C:H/I:H/A:H,"CWE-434,CWE-502",XRAY-157669,FALSE,gav://com.thoughtworks.xstream:xstream:1.4.5,gav://com.thoughtworks.xstream:xstream
SnakeYaml's Constructor() class does not restrict types which can be instantiated during deserialization. Deserializing yaml content provided by an attacker can lead to remote code execution. We recommend using SnakeYaml's SafeConsturctor when parsing untrusted content to restrict deserialization.,CVE-2022-1471,Critical,security,JFrog,org.yaml:snakeyaml,≤ 1.33,,2023-01-06T21:14:13-05:00,org.yaml:snakeyaml,,9.8/CVSS:3.1/AV:N/AC:L/PR:N/UI:N/S:U/C:H/I:H/A:H,CWE-502,XRAY-262821,FALSE,gav://org.yaml:snakeyaml:1.30,gav://org.yaml:snakeyaml
"XStream is a Java library to serialize objects to XML and back again. In XStream before version 1.4.16, there is a vulnerability may allow a remote attacker to load and execute arbitrary code from a remote host only by manipulating the processed input stream. No user is affected, who followed the recommendation to setup XStream's security framework with a whitelist limited to the minimal required types. If you rely on XStream's default blacklist of the Security Framework, you will have to use at least version 1.4.16.",CVE-2021-21351,Critical,security,JFrog,com.thoughtworks.xstream:xstream,< 1.4.16,1.4.16,2023-02-01T21:15:58-05:00,com.thoughtworks.xstream:xstream,6.5/CVSS:2.0/AV:N/AC:L/Au:S/C:P/I:P/A:P,9.1/CVSS:3.1/AV:N/AC:L/PR:H/UI:N/S:C/C:H/I:H/A:H,"CWE-434,CWE-502",XRAY-157668,FALSE,gav://com.thoughtworks.xstream:xstream:1.4.5,gav://com.thoughtworks.xstream:xstream
"It was found that xstream API version 1.4.10 before 1.4.11 introduced a regression for a previous deserialization flaw. If the security framework has not been initialized, it may allow a remote attacker to run arbitrary shell commands when unmarshalling XML or any supported format. e.g. JSON. (regression of CVE-2013-7285)",CVE-2019-10173,Critical,security,JFrog,com.thoughtworks.xstream:xstream,< 1.4.11,1.4.11,2023-02-01T21:17:13-05:00,com.thoughtworks.xstream:xstream,7.5/CVSS:2.0/AV:N/AC:L/Au:N/C:P/I:P/A:P,9.8/CVSS:3.1/AV:N/AC:L/PR:N/UI:N/S:U/C:H/I:H/A:H,CWE-94,XRAY-85269,FALSE,gav://com.thoughtworks.xstream:xstream:1.4.5,gav://com.thoughtworks.xstream:xstream
"Pivotal Spring Framework through 5.3.16 suffers from a potential remote code execution (RCE) issue if used for Java deserialization of untrusted data. Depending on how the library is implemented within a product, this issue may or not occur, and authentication may be required. NOTE: the vendor's position is that untrusted data is not an intended use case. The product's behavior will not be changed because some users rely on deserialization of trusted data.",CVE-2016-1000027,Critical,security,JFrog,org.springframework:spring-web,< 6.0.0,6.0.0,2023-01-09T21:14:41-05:00,org.springframework:spring-web,7.5/CVSS:2.0/AV:N/AC:L/Au:N/C:P/I:P/A:P,9.8/CVSS:3.1/AV:N/AC:L/PR:N/UI:N/S:U/C:H/I:H/A:H,CWE-502,XRAY-125778,FALSE,gav://org.springframework:spring-web:5.3.21,gav://org.springframework:spring-web
"XStream is a Java library to serialize objects to XML and back again. In XStream before version 1.4.16, there is a vulnerability which may allow a remote attacker to load and execute arbitrary code from a remote host only by manipulating the processed input stream. No user is affected, who followed the recommendation to setup XStream's security framework with a whitelist limited to the minimal required types. If you rely on XStream's default blacklist of the Security Framework, you will have to use at least version 1.4.16.",CVE-2021-21344,Critical,security,JFrog,com.thoughtworks.xstream:xstream,< 1.4.16,1.4.16,2023-02-01T21:17:28-05:00,com.thoughtworks.xstream:xstream,7.5/CVSS:2.0/AV:N/AC:L/Au:N/C:P/I:P/A:P,9.8/CVSS:3.1/AV:N/AC:L/PR:N/UI:N/S:U/C:H/I:H/A:H,"CWE-434,CWE-502",XRAY-157675,FALSE,gav://com.thoughtworks.xstream:xstream:1.4.5,gav://com.thoughtworks.xstream:xstream
"It was found that the fix to address CVE-2021-44228 in Apache Log4j 2.15.0 was incomplete in certain non-default configurations. This could allows attackers with control over Thread Context Map (MDC) input data when the logging configuration uses a non-default Pattern Layout with either a Context Lookup (for example, $${ctx:loginId}) or a Thread Context Map pattern (%X, %mdc, or %MDC) to craft malicious input data using a JNDI Lookup pattern resulting in an information leak and remote code execution in some environments and local code execution in all environments. Log4j 2.16.0 (Java 8) and 2.12.2 (Java 7) fix this issue by removing support for message lookup patterns and disabling JNDI functionality by default.",CVE-2021-45046,Critical,security,JFrog,org.apache.logging.log4j:log4j-core,"2.0 ≤ Version ≤ 2.0.1,2.0-beta9,2.0-rc1-rc1,2.0-rc1,2.0-rc2,2.0.2-site-update,2.0.2,2.1 ≤ Version ≤ 2.3,2.1-rc2,2.1-rc3,2.10-rc1,2.10.0,2.11.0-rc1,2.11.0,2.11.1-rc1,2.11.1,2.11.2-rc1,2.11.2-rc2,2.11.2-rc3,2.11.2,2.12.0-rc1,2.12.0-rc2,2.12.0,2.12.1-rc1,2.12.1,2.13.0-rc1,2.13.0-rc2,2.13.0,2.13.1-rc1,2.13.1-rc2,2.13.1,2.13.2-rc1,2.13.2,2.13.3-rc1,2.13.3,2.14.0-rc1,2.14.0,2.14.1-rc1,2.14.1,2.15.0-rc1,2.15.0-rc2,2.15.0,2.15.1-rc1,2.4 ≤ Version ≤ 2.4.1,2.5-rc1,2.5,2.6-rc1,2.6.1-rc1,2.6.1,2.6.2-rc1,2.6.2,2.6,2.7-rc1,2.7-rc2,2.7,2.8-rc1,2.8.1-rc1,2.8.1,2.8.2-rc1,2.8.2,2.8,2.9-rc1,2.9.0,2.9.1-rc1,2.9.1","2.12.2,2.16.0,2.3.1",2022-12-13T11:32:03-05:00,org.apache.logging.log4j:log4j-core,5.1/CVSS:2.0/AV:N/AC:H/Au:N/C:P/I:P/A:P,9.0/CVSS:3.1/AV:N/AC:H/PR:N/UI:N/S:C/C:H/I:H/A:H,CWE-502,XRAY-192126,FALSE,gav://org.apache.logging.log4j:log4j-core:2.15.0,gav://org.apache.logging.log4j:log4j-core
"Apache Commons Text performs variable interpolation, allowing properties to be dynamically evaluated and expanded. The standard format for interpolation is ""${prefix:name}"", where ""prefix"" is used to locate an instance of org.apache.commons.text.lookup.StringLookup that performs the interpolation. Starting with version 1.5 and continuing through 1.9, the set of default Lookup instances included interpolators that could result in arbitrary code execution or contact with remote servers. These lookups are: - ""script"" - execute expressions using the JVM script execution engine (javax.script) - ""dns"" - resolve dns records - ""url"" - load values from urls, including from remote servers Applications using the interpolation defaults in the affected versions may be vulnerable to remote code execution or unintentional contact with remote servers if untrusted configuration values are used. Users are recommended to upgrade to Apache Commons Text 1.10.0, which disables the problematic interpolators by default.",CVE-2022-42889,Critical,security,JFrog,org.apache.commons:commons-text,1.5 ≤ Version < 1.10.0,1.10.0,2023-01-09T21:14:36-05:00,org.apache.commons:commons-text,,9.8/CVSS:3.1/AV:N/AC:L/PR:N/UI:N/S:U/C:H/I:H/A:H,,XRAY-257211,FALSE,gav://org.apache.commons:commons-text:1.9,gav://org.apache.commons:commons-text
"Spring Security, versions 5.7 prior to 5.7.5 and 5.6 prior to 5.6.9 could be susceptible to authorization rules bypass via forward or include dispatcher types. Specifically, an application is vulnerable when all of the following are true: The application expects that Spring Security applies security to forward and include dispatcher types. The application uses the AuthorizationFilter either manually or via the authorizeHttpRequests() method. The application configures the FilterChainProxy to apply to forward and/or include requests (e.g. spring.security.filter.dispatcher-types = request, error, async, forward, include). The application may forward or include the request to a higher privilege-secured endpoint.The application configures Spring Security to apply to every dispatcher type via authorizeHttpRequests().shouldFilterAllDispatcherTypes(true)",CVE-2022-31692,Critical,security,JFrog,org.springframework.security:spring-security-core,"5.6.0 ≤ Version < 5.6.9,5.7.0 ≤ Version < 5.7.5","5.6.9,5.7.5",2023-02-01T21:16:04-05:00,org.springframework.security:spring-security-core,,9.8/CVSS:3.1/AV:N/AC:L/PR:N/UI:N/S:U/C:H/I:H/A:H,CWE-863,XRAY-260383,FALSE,gav://org.springframework.security:spring-security-core:5.7.2,gav://org.springframework.security:spring-security-core
"XStream is a Java library to serialize objects to XML and back again. In XStream before version 1.4.16, there is a vulnerability which may allow a remote attacker who has sufficient rights to execute commands of the host only by manipulating the processed input stream. No user is affected, who followed the recommendation to setup XStream's security framework with a whitelist limited to the minimal required types. If you rely on XStream's default blacklist of the Security Framework, you will have to use at least version 1.4.16.",CVE-2021-21345,Critical,security,JFrog,com.thoughtworks.xstream:xstream,< 1.4.16,1.4.16,2023-02-01T21:17:28-05:00,com.thoughtworks.xstream:xstream,6.5/CVSS:2.0/AV:N/AC:L/Au:S/C:P/I:P/A:P,9.9/CVSS:3.1/AV:N/AC:L/PR:L/UI:N/S:C/C:H/I:H/A:H,CWE-78,XRAY-157674,FALSE,gav://com.thoughtworks.xstream:xstream:1.4.5,gav://com.thoughtworks.xstream:xstream
"XStream is a Java library to serialize objects to XML and back again. In XStream before version 1.4.16, there is a vulnerability where the processed stream at unmarshalling time contains type information to recreate the formerly written objects. XStream creates therefore new instances based on these type information. An attacker can manipulate the processed input stream and replace or inject objects, that result in a server-side forgery request. No user is affected, who followed the recommendation to setup XStream's security framework with a whitelist limited to the minimal required types. If you rely on XStream's default blacklist of the Security Framework, you will have to use at least version 1.4.16.",CVE-2021-21342,Critical,security,JFrog,com.thoughtworks.xstream:xstream,< 1.4.16,1.4.16,2023-02-01T21:15:58-05:00,com.thoughtworks.xstream:xstream,5.8/CVSS:2.0/AV:N/AC:M/Au:N/C:P/I:P/A:N,9.1/CVSS:3.1/AV:N/AC:L/PR:N/UI:N/S:U/C:H/I:H/A:N,"CWE-502,CWE-918",XRAY-157677,FALSE,gav://com.thoughtworks.xstream:xstream:1.4.5,gav://com.thoughtworks.xstream:xstream
"XStream through 1.4.9, when a certain denyTypes workaround is not used, mishandles attempts to create an instance of the primitive type 'void' during unmarshalling, leading to a remote application crash, as demonstrated by an xstream.fromXML(""<void/>"") call.",CVE-2017-7957,High,security,JFrog,com.thoughtworks.xstream:xstream,< 1.4.10,1.4.10,2023-02-01T21:15:40-05:00,com.thoughtworks.xstream:xstream,5.0/CVSS:2.0/AV:N/AC:L/Au:N/C:N/I:N/A:P,7.5/CVSS:3.0/AV:N/AC:L/PR:N/UI:N/S:U/C:N/I:N/A:H,CWE-20,XRAY-55891,FALSE,gav://com.thoughtworks.xstream:xstream:1.4.5,gav://com.thoughtworks.xstream:xstream
"XStream is a simple library to serialize objects to XML and back again. In affected versions this vulnerability may allow a remote attacker to load and execute arbitrary code from a remote host only by manipulating the processed input stream. No user is affected, who followed the recommendation to setup XStream's security framework with a whitelist limited to the minimal required types. XStream 1.4.18 uses no longer a blacklist by default, since it cannot be secured for general purpose.",CVE-2021-39141,High,security,JFrog,com.thoughtworks.xstream:xstream,< 1.4.18,1.4.18,2023-02-01T21:16:21-05:00,com.thoughtworks.xstream:xstream,6.0/CVSS:2.0/AV:N/AC:M/Au:S/C:P/I:P/A:P,8.5/CVSS:3.1/AV:N/AC:H/PR:L/UI:N/S:C/C:H/I:H/A:H,"CWE-434,CWE-502",XRAY-183386,FALSE,gav://com.thoughtworks.xstream:xstream:1.4.5,gav://com.thoughtworks.xstream:xstream
"XStream is a simple library to serialize objects to XML and back again. In affected versions this vulnerability may allow a remote attacker to load and execute arbitrary code from a remote host only by manipulating the processed input stream. No user is affected, who followed the recommendation to setup XStream's security framework with a whitelist limited to the minimal required types. XStream 1.4.18 uses no longer a blacklist by default, since it cannot be secured for general purpose.",CVE-2021-39145,High,security,JFrog,com.thoughtworks.xstream:xstream,< 1.4.18,1.4.18,2023-02-01T21:15:22-05:00,com.thoughtworks.xstream:xstream,6.0/CVSS:2.0/AV:N/AC:M/Au:S/C:P/I:P/A:P,8.5/CVSS:3.1/AV:N/AC:H/PR:L/UI:N/S:C/C:H/I:H/A:H,"CWE-434,CWE-502",XRAY-183384,FALSE,gav://com.thoughtworks.xstream:xstream:1.4.5,gav://com.thoughtworks.xstream:xstream
"XStream is a simple library to serialize objects to XML and back again. In affected versions this vulnerability may allow a remote attacker to load and execute arbitrary code from a remote host only by manipulating the processed input stream. No user is affected, who followed the recommendation to setup XStream's security framework with a whitelist limited to the minimal required types. XStream 1.4.18 uses no longer a blacklist by default, since it cannot be secured for general purpose.",CVE-2021-39148,High,security,JFrog,com.thoughtworks.xstream:xstream,< 1.4.18,1.4.18,2023-02-01T21:16:21-05:00,com.thoughtworks.xstream:xstream,6.0/CVSS:2.0/AV:N/AC:M/Au:S/C:P/I:P/A:P,8.5/CVSS:3.1/AV:N/AC:H/PR:L/UI:N/S:C/C:H/I:H/A:H,"CWE-434,CWE-502",XRAY-183381,FALSE,gav://com.thoughtworks.xstream:xstream:1.4.5,gav://com.thoughtworks.xstream:xstream
"XStream is a Java library to serialize objects to XML and back again. In XStream before version 1.4.15, a Server-Side Forgery Request vulnerability can be activated when unmarshalling. The vulnerability may allow a remote attacker to request data from internal resources that are not publicly available only by manipulating the processed input stream. If you rely on XStream's default blacklist of the Security Framework, you will have to use at least version 1.4.15. The reported vulnerability does not exist if running Java 15 or higher. No user is affected who followed the recommendation to setup XStream's Security Framework with a whitelist! Anyone relying on XStream's default blacklist can immediately switch to a whilelist for the allowed types to avoid the vulnerability. Users of XStream 1.4.14 or below who still want to use XStream default blacklist can use a workaround described in more detailed in the referenced advisories.",CVE-2020-26258,High,security,JFrog,com.thoughtworks.xstream:xstream,< 1.4.15,1.4.15,2023-02-01T21:16:20-05:00,com.thoughtworks.xstream:xstream,5.0/CVSS:2.0/AV:N/AC:L/Au:N/C:P/I:N/A:N,7.7/CVSS:3.1/AV:N/AC:L/PR:L/UI:N/S:C/C:H/I:N/A:N,CWE-918,XRAY-135041,FALSE,gav://com.thoughtworks.xstream:xstream:1.4.5,gav://com.thoughtworks.xstream:xstream
"XStream is a simple library to serialize objects to XML and back again. In affected versions this vulnerability may allow a remote attacker to load and execute arbitrary code from a remote host only by manipulating the processed input stream. No user is affected, who followed the recommendation to setup XStream's security framework with a whitelist limited to the minimal required types. XStream 1.4.18 uses no longer a blacklist by default, since it cannot be secured for general purpose.",CVE-2021-39146,High,security,JFrog,com.thoughtworks.xstream:xstream,< 1.4.18,1.4.18,2023-02-01T21:16:21-05:00,com.thoughtworks.xstream:xstream,6.0/CVSS:2.0/AV:N/AC:M/Au:S/C:P/I:P/A:P,8.5/CVSS:3.1/AV:N/AC:H/PR:L/UI:N/S:C/C:H/I:H/A:H,"CWE-434,CWE-502",XRAY-183383,FALSE,gav://com.thoughtworks.xstream:xstream:1.4.5,gav://com.thoughtworks.xstream:xstream
"XStream serializes Java objects to XML and back again. Versions prior to 1.4.20 may allow a remote attacker to terminate the application with a stack overflow error, resulting in a denial of service only via manipulation the processed input stream. The attack uses the hash code implementation for collections and maps to force recursive hash calculation causing a stack overflow. This issue is patched in version 1.4.20 which handles the stack overflow and raises an InputManipulationException instead. A potential workaround for users who only use HashMap or HashSet and whose XML refers these only as default map or set, is to change the default implementation of java.util.Map and java.util per the code example in the referenced advisory. However, this implies that your application does not care about the implementation of the map and all elements are comparable.",CVE-2022-41966,High,security,JFrog,com.thoughtworks.xstream:xstream,< 1.4.20,1.4.20,2023-02-01T21:16:04-05:00,com.thoughtworks.xstream:xstream,,7.5/CVSS:3.1/AV:N/AC:L/PR:N/UI:N/S:U/C:N/I:N/A:H,"CWE-121,CWE-120,CWE-502",XRAY-412741,FALSE,gav://com.thoughtworks.xstream:xstream:1.4.5,gav://com.thoughtworks.xstream:xstream
XStream is an open source java library to serialize objects to XML and back again. Versions prior to 1.4.19 may allow a remote attacker to allocate 100% CPU time on the target system depending on CPU type or parallel execution of such a payload resulting in a denial of service only by manipulating the processed input stream. XStream 1.4.19 monitors and accumulates the time it takes to add elements to collections and throws an exception if a set threshold is exceeded. Users are advised to upgrade as soon as possible. Users unable to upgrade may set the NO_REFERENCE mode to prevent recursion. See GHSA-rmr5-cpv2-vgjf for further details on a workaround if an upgrade is not possible.,CVE-2021-43859,High,security,JFrog,com.thoughtworks.xstream:xstream,< 1.4.19,1.4.19,2023-02-01T21:16:26-05:00,com.thoughtworks.xstream:xstream,5.0/CVSS:2.0/AV:N/AC:L/Au:N/C:N/I:N/A:P,7.5/CVSS:3.1/AV:N/AC:L/PR:N/UI:N/S:U/C:N/I:N/A:H,CWE-400,XRAY-197020,FALSE,gav://com.thoughtworks.xstream:xstream:1.4.5,gav://com.thoughtworks.xstream:xstream
"XStream is a simple library to serialize objects to XML and back again. In affected versions this vulnerability may allow a remote attacker to request data from internal resources that are not publicly available only by manipulating the processed input stream with a Java runtime version 14 to 8. No user is affected, who followed the recommendation to setup XStream's security framework with a whitelist limited to the minimal required types. If you rely on XStream's default blacklist of the [Security Framework](https://x-stream.github.io/security.html#framework), you will have to use at least version 1.4.18.",CVE-2021-39150,High,security,JFrog,com.thoughtworks.xstream:xstream,< 1.4.18,1.4.18,2023-02-01T21:16:21-05:00,com.thoughtworks.xstream:xstream,6.0/CVSS:2.0/AV:N/AC:M/Au:S/C:P/I:P/A:P,8.5/CVSS:3.1/AV:N/AC:H/PR:L/UI:N/S:C/C:H/I:H/A:H,"CWE-502,CWE-918",XRAY-183379,FALSE,gav://com.thoughtworks.xstream:xstream:1.4.5,gav://com.thoughtworks.xstream:xstream
XStream is software for serializing Java objects to XML and back again. A vulnerability in XStream versions prior to 1.4.17 may allow a remote attacker has sufficient rights to execute commands of the host only by manipulating the processed input stream. No user who followed the recommendation to setup XStream's security framework with a whitelist limited to the minimal required types is affected. The vulnerability is patched in version 1.4.17.,CVE-2021-29505,High,security,JFrog,com.thoughtworks.xstream:xstream,< 1.4.17,1.4.17,2023-01-06T21:14:26-05:00,com.thoughtworks.xstream:xstream,6.5/CVSS:2.0/AV:N/AC:L/Au:S/C:P/I:P/A:P,8.8/CVSS:3.1/AV:N/AC:L/PR:L/UI:N/S:U/C:H/I:H/A:H,"CWE-502,CWE-94",XRAY-176856,FALSE,gav://com.thoughtworks.xstream:xstream:1.4.5,gav://com.thoughtworks.xstream:xstream
Wildfly Common (wildfly-common) javax.xml.parsers.DocumentBuilderFactory / javax.xml.stream.XMLInputFactory XML External Entity (XXE) Injection Remote Issue,,High,security,JFrog,org.wildfly.common:wildfly-common,≤ 1.5.4.Final,,2022-03-02T03:37:50-05:00,org.wildfly.common:wildfly-common,,,,XRAY-198432,FALSE,gav://org.wildfly.common:wildfly-common:1.5.4.Final,gav://org.wildfly.common:wildfly-common
"XStream is a simple library to serialize objects to XML and back again. In affected versions this vulnerability may allow a remote attacker to load and execute arbitrary code from a remote host only by manipulating the processed input stream, if using the version out of the box with Java runtime version 14 to 8 or with JavaFX installed. No user is affected, who followed the recommendation to setup XStream's security framework with a whitelist limited to the minimal required types. XStream 1.4.18 uses no longer a blacklist by default, since it cannot be secured for general purpose.",CVE-2021-39153,High,security,JFrog,com.thoughtworks.xstream:xstream,< 1.4.18,1.4.18,2023-02-01T21:16:21-05:00,com.thoughtworks.xstream:xstream,6.0/CVSS:2.0/AV:N/AC:M/Au:S/C:P/I:P/A:P,8.5/CVSS:3.1/AV:N/AC:H/PR:L/UI:N/S:C/C:H/I:H/A:H,"CWE-434,CWE-502",XRAY-183376,FALSE,gav://com.thoughtworks.xstream:xstream:1.4.5,gav://com.thoughtworks.xstream:xstream
A flaw was found in Undertow. A potential security issue in flow control handling by the browser over HTTP/2 may cause overhead or a denial of service in the server. This flaw exists because of an incomplete fix for CVE-2021-3629.,CVE-2022-1259,High,security,JFrog,io.undertow:undertow-core,All Versions,,2022-09-20T23:22:13-04:00,io.undertow:undertow-core,,7.5/CVSS:3.1/AV:N/AC:L/PR:N/UI:N/S:U/C:N/I:N/A:H,NVD-CWE-noinfo,XRAY-253193,FALSE,gav://io.undertow:undertow-core:2.2.18.Final,gav://io.undertow:undertow-core
"XStream is a simple library to serialize objects to XML and back again. In affected versions this vulnerability may allow a remote attacker to load and execute arbitrary code from a remote host only by manipulating the processed input stream. No user is affected, who followed the recommendation to setup XStream's security framework with a whitelist limited to the minimal required types. XStream 1.4.18 uses no longer a blacklist by default, since it cannot be secured for general purpose.",CVE-2021-39147,High,security,JFrog,com.thoughtworks.xstream:xstream,< 1.4.18,1.4.18,2023-02-01T21:16:21-05:00,com.thoughtworks.xstream:xstream,6.0/CVSS:2.0/AV:N/AC:M/Au:S/C:P/I:P/A:P,8.5/CVSS:3.1/AV:N/AC:H/PR:L/UI:N/S:C/C:H/I:H/A:H,"CWE-434,CWE-502",XRAY-183382,FALSE,gav://com.thoughtworks.xstream:xstream:1.4.5,gav://com.thoughtworks.xstream:xstream
"XStream is a simple library to serialize objects to XML and back again. In affected versions this vulnerability may allow a remote attacker has sufficient rights to execute commands of the host only by manipulating the processed input stream. No user is affected, who followed the recommendation to setup XStream's security framework with a whitelist limited to the minimal required types. XStream 1.4.18 uses no longer a blacklist by default, since it cannot be secured for general purpose.",CVE-2021-39144,High,security,JFrog,com.thoughtworks.xstream:xstream,< 1.4.18,1.4.18,2023-02-01T21:17:39-05:00,com.thoughtworks.xstream:xstream,6.0/CVSS:2.0/AV:N/AC:M/Au:S/C:P/I:P/A:P,8.5/CVSS:3.1/AV:N/AC:H/PR:L/UI:N/S:C/C:H/I:H/A:H,"CWE-502,CWE-94",XRAY-183385,FALSE,gav://com.thoughtworks.xstream:xstream:1.4.5,gav://com.thoughtworks.xstream:xstream
"XStream is a simple library to serialize objects to XML and back again. In affected versions this vulnerability may allow a remote attacker to load and execute arbitrary code from a remote host only by manipulating the processed input stream. No user is affected, who followed the recommendation to setup XStream's security framework with a whitelist limited to the minimal required types. XStream 1.4.18 uses no longer a blacklist by default, since it cannot be secured for general purpose.",CVE-2021-39151,High,security,JFrog,com.thoughtworks.xstream:xstream,< 1.4.18,1.4.18,2023-02-01T21:15:22-05:00,com.thoughtworks.xstream:xstream,6.0/CVSS:2.0/AV:N/AC:M/Au:S/C:P/I:P/A:P,8.5/CVSS:3.1/AV:N/AC:H/PR:L/UI:N/S:C/C:H/I:H/A:H,"CWE-434,CWE-502",XRAY-183378,FALSE,gav://com.thoughtworks.xstream:xstream:1.4.5,gav://com.thoughtworks.xstream:xstream
"When a POST request comes through AJP and the request exceeds the max-post-size limit (maxEntitySize), Undertow's AjpServerRequestConduit implementation closes a connection without sending any response to the client/proxy. This behavior results in that a front-end proxy marking the backend worker (application server) as an error state and not forward requests to the worker for a while. In mod_cluster, this continues until the next STATUS request (10 seconds intervals) from the application server updates the server state. So, in the worst case, it can result in ""All workers are in error state"" and mod_cluster responds ""503 Service Unavailable"" for a while (up to 10 seconds). In mod_proxy_balancer, it does not forward requests to the worker until the ""retry"" timeout passes. However, luckily, mod_proxy_balancer has ""forcerecovery"" setting (On by default; this parameter can force the immediate recovery of all workers without considering the retry parameter of the workers if all workers of a balancer are in error state.). So, unlike mod_cluster, mod_proxy_balancer does not result in responding ""503 Service Unavailable"". An attacker could use this behavior to send a malicious request and trigger server errors, resulting in DoS (denial of service). This flaw was fixed in Undertow 2.2.19.Final, Undertow 2.3.0.Alpha2.",CVE-2022-2053,High,security,JFrog,io.undertow:undertow-core,"< 2.2.19.Final,2.3.0.Alpha1 ≤ Version < 2.3.0.Alpha2","2.2.19.Final,2.3.0.Alpha2",2023-02-01T21:15:22-05:00,io.undertow:undertow-core,,7.5/CVSS:3.1/AV:N/AC:L/PR:N/UI:N/S:U/C:N/I:N/A:H,CWE-400,XRAY-248514,FALSE,gav://io.undertow:undertow-core:2.2.18.Final,gav://io.undertow:undertow-core
"In FasterXML jackson-databind before 2.13.4, resource exhaustion can occur because of a lack of a check in BeanDeserializer._deserializeFromArray to prevent use of deeply nested arrays. An application is vulnerable only with certain customized choices for deserialization.",CVE-2022-42004,High,security,JFrog,com.fasterxml.jackson.core:jackson-databind,"< 2.12.7.1,2.13.0 ≤ Version < 2.13.4","2.12.7.1,2.13.4",2023-02-01T21:17:09-05:00,com.fasterxml.jackson.core:jackson-databind,,7.5/CVSS:3.1/AV:N/AC:L/PR:N/UI:N/S:U/C:N/I:N/A:H,CWE-502,XRAY-256564,FALSE,gav://com.fasterxml.jackson.core:jackson-databind:2.13.3,gav://com.fasterxml.jackson.core:jackson-databind
"XStream is a simple library to serialize objects to XML and back again. In affected versions this vulnerability may allow a remote attacker to load and execute arbitrary code from a remote host only by manipulating the processed input stream. No user is affected, who followed the recommendation to setup XStream's security framework with a whitelist limited to the minimal required types. XStream 1.4.18 uses no longer a blacklist by default, since it cannot be secured for general purpose.",CVE-2021-39154,High,security,JFrog,com.thoughtworks.xstream:xstream,< 1.4.18,1.4.18,2023-02-01T21:15:22-05:00,com.thoughtworks.xstream:xstream,6.0/CVSS:2.0/AV:N/AC:M/Au:S/C:P/I:P/A:P,8.5/CVSS:3.1/AV:N/AC:H/PR:L/UI:N/S:C/C:H/I:H/A:H,"CWE-434,CWE-502",XRAY-183304,FALSE,gav://com.thoughtworks.xstream:xstream:1.4.5,gav://com.thoughtworks.xstream:xstream
Apache Commons IO input/InfiniteCircularInputStream.java InfiniteCircularInputStream::read() Function Buffer Handling Divide-by-zero DoS,,High,security,JFrog,commons-io:commons-io,2.6 ≤ Version < 2.8.0-RC1,2.8.0-RC1,2022-03-22T23:14:05-04:00,commons-io:commons-io,,,,XRAY-125253,FALSE,gav://commons-io:commons-io:2.6,gav://commons-io:commons-io
"In FasterXML jackson-databind before 2.14.0-rc1, resource exhaustion can occur because of a lack of a check in primitive value deserializers to avoid deep wrapper array nesting, when the UNWRAP_SINGLE_VALUE_ARRAYS feature is enabled. Additional fix version in 2.13.4.1 and 2.12.17.1",CVE-2022-42003,High,security,JFrog,com.fasterxml.jackson.core:jackson-databind,"< 2.12.7.1,2.13.0 ≤ Version < 2.13.4.1","2.12.7.1,2.13.4.1",2023-02-01T21:15:22-05:00,com.fasterxml.jackson.core:jackson-databind,,7.5/CVSS:3.1/AV:N/AC:L/PR:N/UI:N/S:U/C:N/I:N/A:H,CWE-502,XRAY-256565,FALSE,gav://com.fasterxml.jackson.core:jackson-databind:2.13.3,gav://com.fasterxml.jackson.core:jackson-databind
XStream before version 1.4.14 is vulnerable to Remote Code Execution.The vulnerability may allow a remote attacker to run arbitrary shell commands only by manipulating the processed input stream. Only users who rely on blocklists are affected. Anyone using XStream's Security Framework allowlist is not affected. The linked advisory provides code workarounds for users who cannot upgrade. The issue is fixed in version 1.4.14.,CVE-2020-26217,High,security,JFrog,com.thoughtworks.xstream:xstream,< 1.4.14-jdk7,1.4.14-jdk7,2023-02-01T21:17:28-05:00,com.thoughtworks.xstream:xstream,9.3/CVSS:2.0/AV:N/AC:M/Au:N/C:C/I:C/A:C,8.8/CVSS:3.1/AV:N/AC:L/PR:L/UI:N/S:U/C:H/I:H/A:H,CWE-78,XRAY-128380,FALSE,gav://com.thoughtworks.xstream:xstream:1.4.5,gav://com.thoughtworks.xstream:xstream
"XStream is a simple library to serialize objects to XML and back again. In affected versions this vulnerability may allow a remote attacker to load and execute arbitrary code from a remote host only by manipulating the processed input stream. No user is affected, who followed the recommendation to setup XStream's security framework with a whitelist limited to the minimal required types. XStream 1.4.18 uses no longer a blacklist by default, since it cannot be secured for general purpose.",CVE-2021-39149,High,security,JFrog,com.thoughtworks.xstream:xstream,< 1.4.18,1.4.18,2023-02-01T21:16:21-05:00,com.thoughtworks.xstream:xstream,6.0/CVSS:2.0/AV:N/AC:M/Au:S/C:P/I:P/A:P,8.5/CVSS:3.1/AV:N/AC:H/PR:L/UI:N/S:C/C:H/I:H/A:H,"CWE-434,CWE-502",XRAY-183380,FALSE,gav://com.thoughtworks.xstream:xstream:1.4.5,gav://com.thoughtworks.xstream:xstream
"XStream is a Java library to serialize objects to XML and back again. In XStream before version 1.4.16, there is a vulnerability which may allow a remote attacker to request data from internal resources that are not publicly available only by manipulating the processed input stream. No user is affected, who followed the recommendation to setup XStream's security framework with a whitelist limited to the minimal required types. If you rely on XStream's default blacklist of the Security Framework, you will have to use at least version 1.4.16.",CVE-2021-21349,High,security,JFrog,com.thoughtworks.xstream:xstream,< 1.4.16,1.4.16,2023-02-01T21:15:58-05:00,com.thoughtworks.xstream:xstream,5.0/CVSS:2.0/AV:N/AC:L/Au:N/C:P/I:N/A:N,8.6/CVSS:3.1/AV:N/AC:L/PR:N/UI:N/S:C/C:H/I:N/A:N,"CWE-502,CWE-918",XRAY-157670,FALSE,gav://com.thoughtworks.xstream:xstream:1.4.5,gav://com.thoughtworks.xstream:xstream
"XStream is a Java library to serialize objects to XML and back again. In XStream before version 1.4.16, there is a vulnerability which may allow a remote attacker to occupy a thread that consumes maximum CPU time and will never return. No user is affected, who followed the recommendation to setup XStream's security framework with a whitelist limited to the minimal required types. If you rely on XStream's default blacklist of the Security Framework, you will have to use at least version 1.4.16.",CVE-2021-21348,High,security,JFrog,com.thoughtworks.xstream:xstream,< 1.4.16,1.4.16,2023-02-01T21:15:58-05:00,com.thoughtworks.xstream:xstream,7.8/CVSS:2.0/AV:N/AC:L/Au:N/C:N/I:N/A:C,7.5/CVSS:3.1/AV:N/AC:L/PR:N/UI:N/S:U/C:N/I:N/A:H,CWE-400,XRAY-157671,FALSE,gav://com.thoughtworks.xstream:xstream:1.4.5,gav://com.thoughtworks.xstream:xstream
The package org.yaml:snakeyaml from 0 and before 1.31 are vulnerable to Denial of Service (DoS) due missing to nested depth limitation for collections.,CVE-2022-25857,High,security,JFrog,org.yaml:snakeyaml,< 1.31,1.31,2023-02-01T21:15:22-05:00,org.yaml:snakeyaml,,7.5/CVSS:3.1/AV:N/AC:L/PR:N/UI:N/S:U/C:N/I:N/A:H,CWE-400,XRAY-253124,FALSE,gav://org.yaml:snakeyaml:1.30,gav://org.yaml:snakeyaml
The package org.yaml:snakeyaml from 0 and before 1.31 are vulnerable to Denial of Service (DoS) due missing to nested depth limitation for collections.,CVE-2022-25857,High,security,JFrog,org.yaml:snakeyaml,< 1.31,1.31,2023-02-01T21:15:22-05:00,org.yaml:snakeyaml,,7.5/CVSS:3.1/AV:N/AC:L/PR:N/UI:N/S:U/C:N/I:N/A:H,CWE-400,XRAY-253124,FALSE,gav://org.yaml:snakeyaml:1.28,gav://org.yaml:snakeyaml
"XStream is a simple library to serialize objects to XML and back again. In affected versions this vulnerability may allow a remote attacker to load and execute arbitrary code from a remote host only by manipulating the processed input stream. A user is only affected if using the version out of the box with JDK 1.7u21 or below. However, this scenario can be adjusted easily to an external Xalan that works regardless of the version of the Java runtime. No user is affected, who followed the recommendation to setup XStream's security framework with a whitelist limited to the minimal required types. XStream 1.4.18 uses no longer a blacklist by default, since it cannot be secured for general purpose.",CVE-2021-39139,High,security,JFrog,com.thoughtworks.xstream:xstream,< 1.4.18,1.4.18,2023-02-01T21:15:22-05:00,com.thoughtworks.xstream:xstream,6.5/CVSS:2.0/AV:N/AC:L/Au:S/C:P/I:P/A:P,8.8/CVSS:3.1/AV:N/AC:L/PR:L/UI:N/S:U/C:H/I:H/A:H,"CWE-434,CWE-502",XRAY-183388,FALSE,gav://com.thoughtworks.xstream:xstream:1.4.5,gav://com.thoughtworks.xstream:xstream
"Multiple XML external entity (XXE) vulnerabilities in the (1) Dom4JDriver, (2) DomDriver, (3) JDomDriver, (4) JDom2Driver, (5) SjsxpDriver, (6) StandardStaxDriver, and (7) WstxDriver drivers in XStream before 1.4.9 allow remote attackers to read arbitrary files via a crafted XML document.",CVE-2016-3674,High,security,JFrog,com.thoughtworks.xstream:xstream,< 1.4.9,1.4.9,2023-02-01T21:15:22-05:00,com.thoughtworks.xstream:xstream,5.0/CVSS:2.0/AV:N/AC:L/Au:N/C:P/I:N/A:N,7.5/CVSS:3.0/AV:N/AC:L/PR:N/UI:N/S:U/C:H/I:N/A:N,CWE-200,XRAY-55888,FALSE,gav://com.thoughtworks.xstream:xstream:1.4.5,gav://com.thoughtworks.xstream:xstream
"XStream is a Java library to serialize objects to XML and back again. In XStream before version 1.4.16, there is vulnerability which may allow a remote attacker to allocate 100% CPU time on the target system depending on CPU type or parallel execution of such a payload resulting in a denial of service only by manipulating the processed input stream. No user is affected who followed the recommendation to setup XStream's security framework with a whitelist limited to the minimal required types. If you rely on XStream's default blacklist of the Security Framework, you will have to use at least version 1.4.16.",CVE-2021-21341,High,security,JFrog,com.thoughtworks.xstream:xstream,< 1.4.16,1.4.16,2023-02-01T21:15:58-05:00,com.thoughtworks.xstream:xstream,7.1/CVSS:2.0/AV:N/AC:M/Au:N/C:N/I:N/A:C,7.5/CVSS:3.1/AV:N/AC:L/PR:N/UI:N/S:U/C:N/I:N/A:H,"CWE-502,CWE-400",XRAY-157350,FALSE,gav://com.thoughtworks.xstream:xstream:1.4.5,gav://com.thoughtworks.xstream:xstream
"Those using Xstream to seralize XML data may be vulnerable to Denial of Service attacks (DOS). If the parser is running on user supplied input, an attacker may supply content that causes the parser to crash by stackoverflow. This effect may support a denial of service attack.",CVE-2022-40151,High,security,JFrog,com.thoughtworks.xstream:xstream,≤ 1.4.19,,2023-02-01T21:16:56-05:00,com.thoughtworks.xstream:xstream,,7.5/CVSS:3.1/AV:N/AC:L/PR:N/UI:N/S:U/C:N/I:N/A:H,CWE-787,XRAY-255586,FALSE,gav://com.thoughtworks.xstream:xstream:1.4.5,gav://com.thoughtworks.xstream:xstream
"XStream is a simple library to serialize objects to XML and back again. In affected versions this vulnerability may allow a remote attacker to request data from internal resources that are not publicly available only by manipulating the processed input stream with a Java runtime version 14 to 8. No user is affected, who followed the recommendation to setup XStream's security framework with a whitelist limited to the minimal required types. If you rely on XStream's default blacklist of the [Security Framework](https://x-stream.github.io/security.html#framework), you will have to use at least version 1.4.18.",CVE-2021-39152,High,security,JFrog,com.thoughtworks.xstream:xstream,< 1.4.18,1.4.18,2023-02-01T21:16:21-05:00,com.thoughtworks.xstream:xstream,6.0/CVSS:2.0/AV:N/AC:M/Au:S/C:P/I:P/A:P,8.5/CVSS:3.1/AV:N/AC:H/PR:L/UI:N/S:C/C:H/I:H/A:H,"CWE-502,CWE-918",XRAY-183377,FALSE,gav://com.thoughtworks.xstream:xstream:1.4.5,gav://com.thoughtworks.xstream:xstream
"XStream is a Java library to serialize objects to XML and back again. In XStream before version 1.4.16, there is a vulnerability where the processed stream at unmarshalling time contains type information to recreate the formerly written objects. XStream creates therefore new instances based on these type information. An attacker can manipulate the processed input stream and replace or inject objects, that result in the deletion of a file on the local host. No user is affected, who followed the recommendation to setup XStream's security framework with a whitelist limited to the minimal required types. If you rely on XStream's default blacklist of the Security Framework, you will have to use at least version 1.4.16.",CVE-2021-21343,High,security,JFrog,com.thoughtworks.xstream:xstream,< 1.4.16,1.4.16,2023-02-01T21:15:58-05:00,com.thoughtworks.xstream:xstream,5.0/CVSS:2.0/AV:N/AC:L/Au:N/C:N/I:P/A:N,7.5/CVSS:3.1/AV:N/AC:L/PR:N/UI:N/S:U/C:N/I:H/A:N,"CWE-73,CWE-502",XRAY-157676,FALSE,gav://com.thoughtworks.xstream:xstream:1.4.5,gav://com.thoughtworks.xstream:xstream
"Using snakeYAML to parse untrusted YAML files may be vulnerable to Denial of Service attacks (DOS). If the parser is running on user supplied input, an attacker may supply content that causes the parser to crash by stackoverflow.",CVE-2022-38751,Medium,security,JFrog,org.yaml:snakeyaml,< 1.31,1.31,2023-02-01T21:16:56-05:00,org.yaml:snakeyaml,,6.5/CVSS:3.1/AV:N/AC:L/PR:L/UI:N/S:U/C:N/I:N/A:H,CWE-787,XRAY-253428,FALSE,gav://org.yaml:snakeyaml:1.30,gav://org.yaml:snakeyaml
"In Bootstrap 3.x before 3.4.0 and 4.x-beta before 4.0.0-beta.2, XSS is possible in the data-target attribute, a different vulnerability than CVE-2018-14041.",CVE-2016-10735,Medium,security,JFrog,bootstrap,3.0.0 ≤ Version < 3.4.0,3.4.0,2023-02-01T21:15:22-05:00,bootstrap,4.3/CVSS:2.0/AV:N/AC:M/Au:N/C:N/I:P/A:N,6.1/CVSS:3.0/AV:N/AC:L/PR:N/UI:R/S:C/C:L/I:L/A:N,CWE-79,XRAY-75283,FALSE,npm://bootstrap:3.1.1,npm://bootstrap
"Using snakeYAML to parse untrusted YAML files may be vulnerable to Denial of Service attacks (DOS). If the parser is running on user supplied input, an attacker may supply content that causes the parser to crash by stack-overflow.",CVE-2022-38752,Medium,security,JFrog,org.yaml:snakeyaml,< 1.32,1.32,2023-02-01T21:16:56-05:00,org.yaml:snakeyaml,,6.5/CVSS:3.1/AV:N/AC:L/PR:L/UI:N/S:U/C:N/I:N/A:H,CWE-787,XRAY-253427,FALSE,gav://org.yaml:snakeyaml:1.28,gav://org.yaml:snakeyaml
"Using snakeYAML to parse untrusted YAML files may be vulnerable to Denial of Service attacks (DOS). If the parser is running on user supplied input, an attacker may supply content that causes the parser to crash by stack-overflow.",CVE-2022-38752,Medium,security,JFrog,org.yaml:snakeyaml,< 1.32,1.32,2023-02-01T21:16:56-05:00,org.yaml:snakeyaml,,6.5/CVSS:3.1/AV:N/AC:L/PR:L/UI:N/S:U/C:N/I:N/A:H,CWE-787,XRAY-253427,FALSE,gav://org.yaml:snakeyaml:1.30,gav://org.yaml:snakeyaml
Bootstrap js/dropdown.js selector Handling XSS,,Medium,security,JFrog,bootstrap,2.3.0 ≤ Version < 3.4.0,3.4.0,2020-04-08T07:57:02-04:00,bootstrap,,,,XRAY-80588,FALSE,npm://bootstrap:3.1.1,npm://bootstrap
"Using snakeYAML to parse untrusted YAML files may be vulnerable to Denial of Service attacks (DOS). If the parser is running on user supplied input, an attacker may supply content that causes the parser to crash by stackoverflow.",CVE-2022-38750,Medium,security,JFrog,org.yaml:snakeyaml,< 1.31,1.31,2023-02-01T21:16:54-05:00,org.yaml:snakeyaml,,5.5/CVSS:3.1/AV:L/AC:L/PR:N/UI:R/S:U/C:N/I:N/A:H,CWE-787,XRAY-253429,FALSE,gav://org.yaml:snakeyaml:1.28,gav://org.yaml:snakeyaml
"Using snakeYAML to parse untrusted YAML files may be vulnerable to Denial of Service attacks (DOS). If the parser is running on user supplied input, an attacker may supply content that causes the parser to crash by stackoverflow.",CVE-2022-38750,Medium,security,JFrog,org.yaml:snakeyaml,< 1.31,1.31,2023-02-01T21:16:54-05:00,org.yaml:snakeyaml,,5.5/CVSS:3.1/AV:L/AC:L/PR:N/UI:R/S:U/C:N/I:N/A:H,CWE-787,XRAY-253429,FALSE,gav://org.yaml:snakeyaml:1.30,gav://org.yaml:snakeyaml
"In Apache Commons IO before 2.7, When invoking the method FileNameUtils.normalize with an improper input string, like ""//../foo"", or ""\\..\foo"", the result would be the same value, thus possibly providing access to files in the parent directory, but not further above (thus ""limited"" path traversal), if the calling code would use the result to construct a path value.",CVE-2021-29425,Medium,security,JFrog,commons-io:commons-io,< 2.7,2.7,2023-02-01T21:15:58-05:00,commons-io:commons-io,5.8/CVSS:2.0/AV:N/AC:M/Au:N/C:P/I:P/A:N,4.8/CVSS:3.1/AV:N/AC:H/PR:N/UI:N/S:U/C:L/I:L/A:N,CWE-22,XRAY-172728,FALSE,gav://commons-io:commons-io:2.6,gav://commons-io:commons-io
Bootstrap js/carousel.js data-target Attribute Handling XSS,,Medium,security,JFrog,org.webjars:bootstrap,2.0.0 ≤ Version < 3.4.0,3.4.0,2020-04-08T07:57:06-04:00,org.webjars:bootstrap,,,,XRAY-93573,FALSE,gav://org.webjars:bootstrap:3.3.7,gav://org.webjars:bootstrap
"In Bootstrap before 3.4.0, XSS is possible in the tooltip data-viewport attribute.",CVE-2018-20676,Medium,security,JFrog,bootstrap,< 3.4.0,3.4.0,2023-02-01T21:15:54-05:00,bootstrap,4.3/CVSS:2.0/AV:N/AC:M/Au:N/C:N/I:P/A:N,6.1/CVSS:3.0/AV:N/AC:L/PR:N/UI:R/S:C/C:L/I:L/A:N,CWE-79,XRAY-85922,FALSE,npm://bootstrap:3.1.1,npm://bootstrap
"In Bootstrap before 3.4.0, XSS is possible in the affix configuration target property.",CVE-2018-20677,Medium,security,JFrog,bootstrap,< 3.4.0,3.4.0,2023-02-01T21:15:54-05:00,bootstrap,4.3/CVSS:2.0/AV:N/AC:M/Au:N/C:N/I:P/A:N,6.1/CVSS:3.0/AV:N/AC:L/PR:N/UI:R/S:C/C:L/I:L/A:N,CWE-79,XRAY-85921,FALSE,npm://bootstrap:3.1.1,npm://bootstrap
"Those using Snakeyaml to parse untrusted YAML files may be vulnerable to Denial of Service attacks (DOS). If the parser is running on user supplied input, an attacker may supply content that causes the parser to crash by stack overflow. This effect may support a denial of service attack.",CVE-2022-41854,Medium,security,JFrog,org.yaml:snakeyaml,< 1.32,1.32,2023-01-09T21:14:21-05:00,org.yaml:snakeyaml,,6.5/CVSS:3.1/AV:N/AC:L/PR:N/UI:R/S:U/C:N/I:N/A:H,CWE-787,XRAY-261206,FALSE,gav://org.yaml:snakeyaml:1.30,gav://org.yaml:snakeyaml
"Those using Snakeyaml to parse untrusted YAML files may be vulnerable to Denial of Service attacks (DOS). If the parser is running on user supplied input, an attacker may supply content that causes the parser to crash by stack overflow. This effect may support a denial of service attack.",CVE-2022-41854,Medium,security,JFrog,org.yaml:snakeyaml,< 1.32,1.32,2023-01-09T21:14:21-05:00,org.yaml:snakeyaml,,6.5/CVSS:3.1/AV:N/AC:L/PR:N/UI:R/S:U/C:N/I:N/A:H,CWE-787,XRAY-261206,FALSE,gav://org.yaml:snakeyaml:1.28,gav://org.yaml:snakeyaml
"XStream is a simple library to serialize objects to XML and back again. In affected versions this vulnerability may allow a remote attacker to allocate 100% CPU time on the target system depending on CPU type or parallel execution of such a payload resulting in a denial of service only by manipulating the processed input stream. No user is affected, who followed the recommendation to setup XStream's security framework with a whitelist limited to the minimal required types. XStream 1.4.18 uses no longer a blacklist by default, since it cannot be secured for general purpose.",CVE-2021-39140,Medium,security,JFrog,com.thoughtworks.xstream:xstream,< 1.4.18,1.4.18,2023-02-01T21:15:22-05:00,com.thoughtworks.xstream:xstream,6.3/CVSS:2.0/AV:N/AC:M/Au:S/C:N/I:N/A:C,6.3/CVSS:3.1/AV:N/AC:H/PR:L/UI:N/S:C/C:N/I:N/A:H,"CWE-835,CWE-502",XRAY-183387,FALSE,gav://com.thoughtworks.xstream:xstream:1.4.5,gav://com.thoughtworks.xstream:xstream
"In Bootstrap before 3.4.0, XSS is possible in the tooltip data-viewport attribute.",CVE-2018-20676,Medium,security,JFrog,org.webjars:bootstrap,3.3.2 ≤ Version ≤ 3.3.7-1,3.4.0,2022-02-15T09:05:51-05:00,org.webjars:bootstrap,4.3/CVSS:2.0/AV:N/AC:M/Au:N/C:N/I:P/A:N,6.1/CVSS:3.0/AV:N/AC:L/PR:N/UI:R/S:C/C:L/I:L/A:N,CWE-79,XRAY-93411,FALSE,gav://org.webjars:bootstrap:3.3.7,gav://org.webjars:bootstrap
"In Bootstrap before 4.1.2, XSS is possible in the data-container property of tooltip.",CVE-2018-14042,Medium,security,JFrog,org.webjars:bootstrap,"3.3.5 ≤ Version < 3.4.0,4.0.0-alpha.6 ≤ Version < 4.1.2","3.4.0,4.1.2",2022-02-15T09:05:51-05:00,org.webjars:bootstrap,4.3/CVSS:2.0/AV:N/AC:M/Au:N/C:N/I:P/A:N,6.1/CVSS:3.0/AV:N/AC:L/PR:N/UI:R/S:C/C:L/I:L/A:N,CWE-79,XRAY-93431,FALSE,gav://org.webjars:bootstrap:3.3.7,gav://org.webjars:bootstrap
Bootstrap js/alert.js selector Handling XSS,,Medium,security,JFrog,org.webjars:bootstrap,3.3.7,3.4.0,2020-04-08T07:57:06-04:00,org.webjars:bootstrap,,,,XRAY-93571,FALSE,gav://org.webjars:bootstrap:3.3.7,gav://org.webjars:bootstrap
Bootstrap js/collapse.js data-target Attribute Handling XSS,,Medium,security,JFrog,org.webjars:bootstrap,3.3.0 ≤ Version < 3.4.0,3.4.0,2020-04-08T07:57:06-04:00,org.webjars:bootstrap,,,,XRAY-93574,FALSE,gav://org.webjars:bootstrap:3.3.7,gav://org.webjars:bootstrap
Bootstrap js/modal.js data-target Attribute Handling XSS,,Medium,security,JFrog,org.webjars:bootstrap,2.0.0 ≤ Version < 3.4.0,3.4.0,2020-04-08T07:57:06-04:00,org.webjars:bootstrap,,,,XRAY-93572,FALSE,gav://org.webjars:bootstrap:3.3.7,gav://org.webjars:bootstrap
[CVE-2021-45105] Apache Log4j2 versions 2.0-alpha1 through 2.16.0 did not protect from uncontrolled recursion from self-referential lookups.,CVE-2021-45105,Medium,security,JFrog,org.apache.logging.log4j:log4j-core,"2.0 ≤ Version ≤ 2.0.1,2.0-beta9,2.0-rc1-rc1,2.0-rc1,2.0-rc2,2.0.2-site-update,2.0.2,2.1 ≤ Version ≤ 2.3,2.1-rc2,2.1-rc3,2.10-rc1,2.10.0,2.11.0-rc1,2.11.0,2.11.1-rc1,2.11.1,2.11.2-rc1,2.11.2-rc2,2.11.2-rc3,2.11.2,2.12.0-rc1,2.12.0-rc2,2.12.0,2.12.1-rc1,2.12.1,2.12.2-rc1,2.12.2,2.13.0-rc1,2.13.0-rc2,2.13.0,2.13.1-rc1,2.13.1-rc2,2.13.1,2.13.2-rc1,2.13.2,2.13.3-rc1,2.13.3,2.14.0-rc1,2.14.0,2.14.1-rc1,2.14.1,2.15.0-rc1,2.15.0-rc2,2.15.0,2.15.1-rc1,2.16.0-rc1,2.16.0,2.4 ≤ Version ≤ 2.4.1,2.5-rc1,2.5,2.6-rc1,2.6.1-rc1,2.6.1,2.6.2-rc1,2.6.2,2.6,2.7-rc1,2.7-rc2,2.7,2.8-rc1,2.8.1-rc1,2.8.1,2.8.2-rc1,2.8.2,2.8,2.9-rc1,2.9.0,2.9.1-rc1,2.9.1","2.12.3,2.17.0,2.3.1",2022-12-13T11:32:02-05:00,org.apache.logging.log4j:log4j-core,4.3/CVSS:2.0/AV:N/AC:M/Au:N/C:N/I:N/A:P,5.9/CVSS:3.1/AV:N/AC:H/PR:N/UI:N/S:U/C:N/I:N/A:H,"CWE-674,CWE-20",XRAY-192348,FALSE,gav://org.apache.logging.log4j:log4j-core:2.15.0,gav://org.apache.logging.log4j:log4j-core
Bootstrap js/modal.js data-target Attribute Handling XSS,,Medium,security,JFrog,bootstrap,2.0.0 ≤ Version < 3.4.0,3.4.0,2020-04-08T07:57:02-04:00,bootstrap,,,,XRAY-80585,FALSE,npm://bootstrap:3.1.1,npm://bootstrap
"Using snakeYAML to parse untrusted YAML files may be vulnerable to Denial of Service attacks (DOS). If the parser is running on user supplied input, an attacker may supply content that causes the parser to crash by stackoverflow.",CVE-2022-38749,Medium,security,JFrog,org.yaml:snakeyaml,< 1.31,1.31,2023-02-01T21:15:46-05:00,org.yaml:snakeyaml,,6.5/CVSS:3.1/AV:N/AC:L/PR:L/UI:N/S:U/C:N/I:N/A:H,CWE-787,XRAY-253430,FALSE,gav://org.yaml:snakeyaml:1.30,gav://org.yaml:snakeyaml
"Using snakeYAML to parse untrusted YAML files may be vulnerable to Denial of Service attacks (DOS). If the parser is running on user supplied input, an attacker may supply content that causes the parser to crash by stackoverflow.",CVE-2022-38749,Medium,security,JFrog,org.yaml:snakeyaml,< 1.31,1.31,2023-02-01T21:15:46-05:00,org.yaml:snakeyaml,,6.5/CVSS:3.1/AV:N/AC:L/PR:L/UI:N/S:U/C:N/I:N/A:H,CWE-787,XRAY-253430,FALSE,gav://org.yaml:snakeyaml:1.28,gav://org.yaml:snakeyaml
"jsoup is a Java HTML parser, built for HTML editing, cleaning, scraping, and cross-site scripting (XSS) safety. jsoup may incorrectly sanitize HTML including `javascript:` URL expressions, which could allow XSS attacks when a reader subsequently clicks that link. If the non-default `SafeList.preserveRelativeLinks` option is enabled, HTML including `javascript:` URLs that have been crafted with control characters will not be sanitized. If the site that this HTML is published on does not set a Content Security Policy, an XSS attack is then possible. This issue is patched in jsoup 1.15.3. Users should upgrade to this version. Additionally, as the unsanitized input may have been persisted, old content should be cleaned again using the updated version. To remediate this issue without immediately upgrading: - disable `SafeList.preserveRelativeLinks`, which will rewrite input URLs as absolute URLs - ensure an appropriate [Content Security Policy](https://developer.mozilla.org/en-US/docs/Web/HTTP/CSP) is defined. (This should be used regardless of upgrading, as a defence-in-depth best practice.)",CVE-2022-36033,Medium,security,JFrog,org.jsoup:jsoup,< 1.15.3,1.15.3,2023-02-01T21:16:54-05:00,org.jsoup:jsoup,,6.1/CVSS:3.1/AV:N/AC:L/PR:N/UI:R/S:C/C:L/I:L/A:N,CWE-79,XRAY-252937,FALSE,gav://org.jsoup:jsoup:1.14.3,gav://org.jsoup:jsoup
"In Bootstrap before 3.4.1 and 4.3.x before 4.3.1, XSS is possible in the tooltip or popover data-template attribute.",CVE-2019-8331,Medium,security,JFrog,org.webjars:bootstrap,"0.0.1,0.0.2,3.0.0 ≤ Version < 3.4.1,4.0.0 ≤ Version ≤ 4.3.0","3.4.1,4.3.1",2022-02-15T09:05:51-05:00,org.webjars:bootstrap,4.3/CVSS:2.0/AV:N/AC:M/Au:N/C:N/I:P/A:N,6.1/CVSS:3.0/AV:N/AC:L/PR:N/UI:R/S:C/C:L/I:L/A:N,CWE-79,XRAY-93378,FALSE,gav://org.webjars:bootstrap:3.3.7,gav://org.webjars:bootstrap
Bootstrap js/carousel.js data-target Attribute Handling XSS,,Medium,security,JFrog,bootstrap,2.0.0 ≤ Version < 3.4.0,3.4.0,2020-04-08T07:57:02-04:00,bootstrap,,,,XRAY-80586,FALSE,npm://bootstrap:3.1.1,npm://bootstrap
"XStream is a Java library to serialize objects to XML and back again. In XStream before version 1.4.15, is vulnerable to an Arbitrary File Deletion on the local host when unmarshalling. The vulnerability may allow a remote attacker to delete arbitrary know files on the host as log as the executing process has sufficient rights only by manipulating the processed input stream. If you rely on XStream's default blacklist of the Security Framework, you will have to use at least version 1.4.15. The reported vulnerability does not exist running Java 15 or higher. No user is affected, who followed the recommendation to setup XStream's Security Framework with a whitelist! Anyone relying on XStream's default blacklist can immediately switch to a whilelist for the allowed types to avoid the vulnerability. Users of XStream 1.4.14 or below who still want to use XStream default blacklist can use a workaround described in more detailed in the referenced advisories.",CVE-2020-26259,Medium,security,JFrog,com.thoughtworks.xstream:xstream,< 1.4.15,1.4.15,2023-02-01T21:17:28-05:00,com.thoughtworks.xstream:xstream,6.4/CVSS:2.0/AV:N/AC:L/Au:N/C:N/I:P/A:P,6.8/CVSS:3.1/AV:N/AC:H/PR:N/UI:N/S:C/C:N/I:H/A:N,CWE-78,XRAY-135044,FALSE,gav://com.thoughtworks.xstream:xstream:1.4.5,gav://com.thoughtworks.xstream:xstream
Thymeleaf sec: Attribute Username Handling XSS,,Medium,security,JFrog,org.thymeleaf.extras:thymeleaf-extras-springsecurity5,3.0.3.RELEASE ≤ Version ≤ 3.0.4.RELEASE,3.1.0.M1,2022-02-15T09:01:39-05:00,org.thymeleaf.extras:thymeleaf-extras-springsecurity5,,,,XRAY-119343,FALSE,gav://org.thymeleaf.extras:thymeleaf-extras-springsecurity5:3.0.4.RELEASE,gav://org.thymeleaf.extras:thymeleaf-extras-springsecurity5
"Using snakeYAML to parse untrusted YAML files may be vulnerable to Denial of Service attacks (DOS). If the parser is running on user supplied input, an attacker may supply content that causes the parser to crash by stackoverflow.",CVE-2022-38751,Medium,security,JFrog,org.yaml:snakeyaml,< 1.31,1.31,2023-02-01T21:16:56-05:00,org.yaml:snakeyaml,,6.5/CVSS:3.1/AV:N/AC:L/PR:L/UI:N/S:U/C:N/I:N/A:H,CWE-787,XRAY-253428,FALSE,gav://org.yaml:snakeyaml:1.28,gav://org.yaml:snakeyaml
"In Bootstrap before 3.4.1 and 4.3.x before 4.3.1, XSS is possible in the tooltip or popover data-template attribute.",CVE-2019-8331,Medium,security,JFrog,bootstrap,"0.0.1,0.0.2,3.0.0 ≤ Version < 3.4.1,4.0.0 ≤ Version ≤ 4.3.0",,2022-02-15T09:04:48-05:00,bootstrap,4.3/CVSS:2.0/AV:N/AC:M/Au:N/C:N/I:P/A:N,6.1/CVSS:3.1/AV:N/AC:L/PR:N/UI:R/S:C/C:L/I:L/A:N,CWE-79,XRAY-79416,FALSE,npm://bootstrap:3.1.1,npm://bootstrap
"In Bootstrap before 4.1.2, XSS is possible in the data-target property of scrollspy.",CVE-2018-14041,Medium,security,JFrog,bootstrap,"< 3.4.0,4.0.0 ≤ Version < 4.1.2","3.4.0,4.1.2",2023-02-01T21:15:54-05:00,bootstrap,4.3/CVSS:2.0/AV:N/AC:M/Au:N/C:N/I:P/A:N,6.1/CVSS:3.0/AV:N/AC:L/PR:N/UI:R/S:C/C:L/I:L/A:N,CWE-79,XRAY-86058,FALSE,npm://bootstrap:3.1.1,npm://bootstrap
"In Bootstrap 3.x before 3.4.0 and 4.x-beta before 4.0.0-beta.2, XSS is possible in the data-target attribute, a different vulnerability than CVE-2018-14041.",CVE-2016-10735,Medium,security,JFrog,org.webjars:bootstrap,"3.0.0-rc1 ≤ Version < 3.4.0,4.0.0-beta ≤ Version < 4.0.0-beta.2","3.4.0,4.0.0-beta.2",2022-02-15T09:05:52-05:00,org.webjars:bootstrap,4.3/CVSS:2.0/AV:N/AC:M/Au:N/C:N/I:P/A:N,6.1/CVSS:3.0/AV:N/AC:L/PR:N/UI:R/S:C/C:L/I:L/A:N,CWE-79,XRAY-93616,FALSE,gav://org.webjars:bootstrap:3.3.7,gav://org.webjars:bootstrap
Bootstrap js/dropdown.js selector Handling XSS,,Medium,security,JFrog,org.webjars:bootstrap,2.3.0 ≤ Version < 3.4.0,3.4.0,2020-04-08T07:57:06-04:00,org.webjars:bootstrap,,,,XRAY-93575,FALSE,gav://org.webjars:bootstrap:3.3.7,gav://org.webjars:bootstrap
"Apache Log4j2 versions 2.0-beta7 through 2.17.0 (excluding security fix releases 2.3.2 and 2.12.4) are vulnerable to a remote code execution (RCE) attack when a configuration uses a JDBC Appender with a JNDI LDAP data source URI when an attacker has control of the target LDAP server. This issue is fixed by limiting JNDI data source names to the java protocol in Log4j2 versions 2.17.1, 2.12.4, and 2.3.2.",CVE-2021-44832,Medium,security,JFrog,org.apache.logging.log4j:log4j-core,"2.0-beta7 ≤ Version < 2.3.2,2.13.0 ≤ Version < 2.17.1,2.4 ≤ Version < 2.12.4","2.12.4,2.17.1,2.3.2",2023-02-01T21:16:00-05:00,org.apache.logging.log4j:log4j-core,8.5/CVSS:2.0/AV:N/AC:M/Au:S/C:C/I:C/A:C,6.6/CVSS:3.1/AV:N/AC:H/PR:H/UI:N/S:U/C:H/I:H/A:H,CWE-20,XRAY-193174,FALSE,gav://org.apache.logging.log4j:log4j-core:2.15.0,gav://org.apache.logging.log4j:log4j-core
A flaw was found in Undertow. Denial of service can be achieved as Undertow server waits for the LAST_CHUNK forever for EJB invocations.,CVE-2022-2764,Medium,security,JFrog,io.undertow:undertow-core,"< 2.2.21.Final,2.3.0.Alpha1 ≤ Version < 2.3.0.Final","2.2.21.Final,2.3.0.Final",2022-12-13T11:20:24-05:00,io.undertow:undertow-core,,4.9/CVSS:3.1/AV:N/AC:L/PR:H/UI:N/S:U/C:N/I:N/A:H,NVD-CWE-noinfo,XRAY-253385,FALSE,gav://io.undertow:undertow-core:2.2.18.Final,gav://io.undertow:undertow-core
,,,,,org.jruby.jcodings:jcodings:1.0.57,,,,,,,,,,,
,,,,,org.projectlombok:lombok:1.18.24,,,,,,,,,,,
,,,,,com.fasterxml.jackson.core:jackson-annotations:2.13.3,,,,,,,,,,,
,,,,,com.github.jnr:jnr-a64asm:1.0.0,,,,,,,,,,,
,,,,,com.headius:invokebinder:1.12,,,,,,,,,,,
,,,,,com.sun.istack:istack-commons-runtime:3.0.12,,,,,,,,,,,
,,,,,org.jruby.joni:joni:2.1.43,,,,,,,,,,,
,,,,,org.ow2.asm:asm-commons:9.2,,,,,,,,,,,
,,,,,org.webjars:bootstrap:3.3.7,,,,,,,,,,,
,,,,,org.webjars:jquery:3.5.1,,,,,,,,,,,
,,,,,ch.qos.logback:logback-classic:1.2.11,,,,,,,,,,,
,,,,,commons-io:commons-io:2.6,,,,,,,,,,,
,,,,,org.asciidoctor:asciidoctorj:2.5.3,,,,,,,,,,,
,,,,,org.checkerframework:checker-qual:3.5.0,,,,,,,,,,,
,,,,,com.fasterxml.jackson.datatype:jackson-datatype-jsr310:2.13.3,,,,,,,,,,,
,,,,,com.jcraft:jzlib:1.1.3,,,,,,,,,,,
,,,,,org.springframework.security:spring-security-core:5.7.2,,,,,,,,,,,
,,,,,org.thymeleaf.extras:thymeleaf-extras-java8time:3.0.4.RELEASE,,,,,,,,,,,
,,,,,org.jruby:jruby-stdlib:9.3.6.0,,,,,,,,,,,
,,,,,org.ow2.asm:asm-util:9.2,,,,,,,,,,,
,,,,,org.springframework:spring-context:5.3.21,,,,,,,,,,,
,,,,,jruby_cache_backend.jar:,,,,,,,,,,,
,,,,,antlr:antlr:2.7.7,,,,,,,,,,,
,,,,,jakarta.validation:jakarta.validation-api:2.0.2,,,,,,,,,,,
,,,,,org.bitbucket.b_c:jose4j:0.7.6,,,,,,,,,,,
,,,,,org.jruby:dirgra:0.3,,,,,,,,,,,
,,,,,mavenEcjBootstrapAgent.jar:,,,,,,,,,,,
,,,,,org.unbescape:unbescape:1.1.6.RELEASE,,,,,,,,,,,
,,,,,rubygems:jruby-openssl:0.13.0,,,,,,,,,,,
,,,,,bootstrap:3.1.1,,,,,,,,,,,
,,,,,concurrent_ruby.jar:,,,,,,,,,,,
,,,,,com.google.guava:listenablefuture:9999.0-empty-to-avoid-conflict-with-guava,,,,,,,,,,,
,,,,,com.zaxxer:HikariCP:4.0.3,,,,,,,,,,,
,,,,,org.apache.logging.log4j:log4j-core:2.15.0,,,,,,,,,,,
,,,,,org.bouncycastle:bcpkix-jdk15on:1.68,,,,,,,,,,,
,,,,,org.springframework:spring-jcl:5.3.21,,,,,,,,,,,
,,,,,io.undertow:undertow-core:2.2.18.Final,,,,,,,,,,,
,,,,,org.jboss.logging:jboss-logging:3.4.3.Final,,,,,,,,,,,
,,,,,org.jruby:jruby:9.3.6.0,,,,,,,,,,,
,,,,,org.springframework.boot:spring-boot-actuator-autoconfigure:2.7.1,,,,,,,,,,,
,,,,,parser.jar:,,,,,,,,,,,
,,,,,jakarta.annotation:jakarta.annotation-api:1.3.5,,,,,,,,,,,
,,,,,javax.xml.bind:jaxb-api:2.3.1,,,,,,,,,,,
,,,,,org.aspectj:aspectjweaver:1.9.7,,,,,,,,,,,
,,,,,spm-jquery:2.1.4,,,,,,,,,,,
,,,,,com.github.jnr:jnr-netdb:1.2.0,,,,,,,,,,,
,,,,,com.google.errorprone:error_prone_annotations:2.3.4,,,,,,,,,,,
,,,,,org.hsqldb:hsqldb:2.5.2,,,,,,,,,,,
,,,,,org.wildfly.common:wildfly-common:1.5.4.Final,,,,,,,,,,,
,,,,,com.github.jnr:jnr-posix:3.1.15,,,,,,,,,,,
,,,,,org.apache.commons:commons-text:1.9,,,,,,,,,,,
,,,,,org.jboss.xnio:xnio-api:3.8.7.Final,,,,,,,,,,,
,,,,,org.springframework:spring-webmvc:5.3.21,,,,,,,,,,,
,,,,,xmlpull:xmlpull:1.1.3.1,,,,,,,,,,,
,,,,,@flexem/jquery-ui:1.12.1,,,,,,,,,,,
,,,,,cparse-jruby.jar:,,,,,,,,,,,
,,,,,jakarta.persistence:jakarta.persistence-api:2.2.3,,,,,,,,,,,
,,,,,org.glassfish.jaxb:txw2:2.3.6,,,,,,,,,,,
,,,,,org.slf4j:jul-to-slf4j:1.7.36,,,,,,,,,,,
,,,,,org.springframework.security:spring-security-crypto:5.7.2,,,,,,,,,,,
,,,,,test-unit:3.2.9,,,,,,,,,,,
,,,,,com.github.jnr:jffi:1.3.9,,,,,,,,,,,
,,,,,io.undertow:undertow-websockets-jsr:2.2.18.Final,,,,,,,,,,,
,,,,,org.springframework:spring-aop:5.3.21,,,,,,,,,,,
,,,,,org.springframework:spring-core:5.3.21,,,,,,,,,,,
,,,,,com.fasterxml.jackson.core:jackson-core:2.13.3,,,,,,,,,,,
,,,,,org.apache.logging.log4j:log4j-api:2.15.0,,,,,,,,,,,
,,,,,org.thymeleaf:thymeleaf-spring5:3.0.15.RELEASE,,,,,,,,,,,
,,,,,org.yaml:snakeyaml:1.28,,,,,,,,,,,
,,,,,data.tar.gz:,,,,,,,,,,,
,,,,,tomcat-embed-el-9.0.64.jar:,,,,,,,,,,,
,,,,,com.github.jnr:jnr-enxio:0.32.13,,,,,,,,,,,
,,,,,com.github.jnr:jnr-x86asm:1.0.2,,,,,,,,,,,
,,,,,jakarta.servlet:jakarta.servlet-api:4.0.4,,,,,,,,,,,
,,,,,org.springframework.boot:spring-boot-autoconfigure:2.7.1,,,,,,,,,,,
,,,,,xmlrpc:0.3.0,,,,,,,,,,,
,,,,,jopenssl.jar:,,,,,,,,,,,
,,,,,ch.qos.logback:logback-core:1.2.11,,,,,,,,,,,
,,,,,com.fasterxml.jackson.datatype:jackson-datatype-jdk8:2.13.3,,,,,,,,,,,
,,,,,com.google.guava:guava:30.1-jre,,,,,,,,,,,
,,,,,org.owasp.webgoat:webgoat:8.2.3-SNAPSHOT,,,,,,,,,,,
,,,,,com.headius:options:1.6,,,,,,,,,,,
,,,,,org.springframework.security:spring-security-config:5.7.2,,,,,,,,,,,
,,,,,data.tar.gz:,,,,,,,,,,,
,,,,,power_assert:1.1.3,,,,,,,,,,,
,,,,,org.springframework.boot:spring-boot-actuator:2.7.1,,,,,,,,,,,
,,,,,data.tar.gz:,,,,,,,,,,,
,,,,,generator.jar:,,,,,,,,,,,
,,,,,com.google.j2objc:j2objc-annotations:1.3,,,,,,,,,,,
,,,,,jakarta.transaction:jakarta.transaction-api:1.3.3,,,,,,,,,,,
,,,,,jline:jline:2.14.6,,,,,,,,,,,
,,,,,org.latencyutils:LatencyUtils:2.0.3,,,,,,,,,,,
,,,,,com.github.jnr:jnr-unixsocket:0.38.17,,,,,,,,,,,
,,,,,com.headius:backport9:1.12,,,,,,,,,,,
,,,,,com.nulab-inc:zxcvbn:1.5.2,,,,,,,,,,,
,,,,,org.yaml:snakeyaml:1.30,,,,,,,,,,,
,,,,,cglib:cglib-nodep:2.2,,,,,,,,,,,
,,,,,com.sun.activation:jakarta.activation:1.2.2,,,,,,,,,,,
,,,,,org.bouncycastle:bcprov-jdk15on:1.68,,,,,,,,,,,
,,,,,org.springframework:spring-aspects:5.3.21,,,,,,,,,,,
,,,,,org.springframework.boot:spring-boot:2.7.1,,,,,,,,,,,
,,,,,javax.activation:javax.activation-api:1.2.0,,,,,,,,,,,
,,,,,net.bytebuddy:byte-buddy:1.12.11,,,,,,,,,,,
,,,,,org.apache.commons:commons-lang3:3.12.0,,,,,,,,,,,
,,,,,org.jboss.xnio:xnio-nio:3.8.7.Final,,,,,,,,,,,
,,,,,net-telnet:0.1.1,,,,,,,,,,,
,,,,,com.google.code.findbugs:jsr305:3.0.2,,,,,,,,,,,
,,,,,com.thoughtworks.xstream:xstream:1.4.5,,,,,,,,,,,
,,,,,org.asciidoctor:asciidoctorj-api:2.5.3,,,,,,,,,,,
,,,,,data.tar.gz:,,,,,,,,,,,
,,,,,io.micrometer:micrometer-core:1.9.1,,,,,,,,,,,
,,,,,org.apache.commons:commons-exec:1.3,,,,,,,,,,,
,,,,,org.slf4j:slf4j-api:1.7.36,,,,,,,,,,,
,,,,,spring-boot-jarmode-layertools-2.7.1.jar:,,,,,,,,,,,
,,,,,com.fasterxml.jackson.core:jackson-databind:2.13.3,,,,,,,,,,,
,,,,,joda-time:joda-time:2.10.10,,,,,,,,,,,
,,,,,org.hdrhistogram:HdrHistogram:2.1.12,,,,,,,,,,,
,,,,,org.springframework:spring-orm:5.3.21,,,,,,,,,,,
,,,,,org.thymeleaf:thymeleaf:3.0.15.RELEASE,,,,,,,,,,,
,,,,,did_you_mean:1.3.0,,,,,,,,,,,
,,,,,rake:12.3.3,,,,,,,,,,,
,,,,,org.jruby:jruby-base:9.3.6.0,,,,,,,,,,,
,,,,,org.ow2.asm:asm-analysis:9.2,,,,,,,,,,,
,,,,,org.springframework.data:spring-data-commons:2.7.1,,,,,,,,,,,
,,,,,org.springframework:spring-beans:5.3.21,,,,,,,,,,,
,,,,,org.springframework.security:spring-security-web:5.7.2,,,,,,,,,,,
,,,,,org.springframework:spring-web:5.3.21,,,,,,,,,,,
,,,,,xml-resolver:xml-resolver:1.2,,,,,,,,,,,
,,,,,com.github.jnr:jnr-ffi:2.2.11,,,,,,,,,,,
,,,,,io.undertow:undertow-servlet:2.2.18.Final,,,,,,,,,,,
,,,,,org.hibernate.common:hibernate-commons-annotations:5.1.2.Final,,,,,,,,,,,
,,,,,org.springframework.data:spring-data-jpa:2.7.1,,,,,,,,,,,
,,,,,rubygems:jruby-readline:1.3.7,,,,,,,,,,,
,,,,,data.tar.gz:,,,,,,,,,,,
,,,,,jquery:3.5.1,,,,,,,,,,,
,,,,,com.beust:jcommander:1.81,,,,,,,,,,,
,,,,,me.qmx.jitescript:jitescript:0.4.1,,,,,,,,,,,
,,,,,org.ow2.asm:asm:9.1,,,,,,,,,,,
,,,,,org.springframework:spring-tx:5.3.21,,,,,,,,,,,
,,,,,com.fasterxml.jackson.module:jackson-module-parameter-names:2.13.3,,,,,,,,,,,
,,,,,io.jsonwebtoken:jjwt:0.9.1,,,,,,,,,,,
,,,,,org.jboss:jandex:2.4.2.Final,,,,,,,,,,,
,,,,,org.jsoup:jsoup:1.14.3,,,,,,,,,,,
,,,,,jakarta.websocket:jakarta.websocket-api:1.1.2,,,,,,,,,,,
,,,,,org.hibernate:hibernate-core:5.6.9.Final,,,,,,,,,,,
,,,,,org.wildfly.client:wildfly-client-config:1.0.1.Final,,,,,,,,,,,
,,,,,xpp3:xpp3_min:1.1.4c,,,,,,,,,,,
,,,,,com.github.jnr:jnr-constants:0.10.3,,,,,,,,,,,
,,,,,org.apache.logging.log4j:log4j-to-slf4j:2.17.2,,,,,,,,,,,
,,,,,org.attoparser:attoparser:2.0.5.RELEASE,,,,,,,,,,,
,,,,,org.springframework:spring-jdbc:5.3.21,,,,,,,,,,,
,,,,,org.springframework:spring-expression:5.3.21,,,,,,,,,,,
,,,,,org.thymeleaf.extras:thymeleaf-extras-springsecurity5:3.0.4.RELEASE,,,,,,,,,,,
,,,,,minitest:5.11.3,,,,,,,,,,,
,,,,,com.google.guava:failureaccess:1.0.1,,,,,,,,,,,
,,,,,org.glassfish.jaxb:jaxb-runtime:2.3.6,,,,,,,,,,,
,,,,,org.jboss.threads:jboss-threads:3.1.0.Final,,,,,,,,,,,
,,,,,org.ow2.asm:asm-tree:9.2,,,,,,,,,,,
,,,,,webgoat:webgoat:8.2.3-20230105.152039-1,,,,,,,,,,,
,,,,,com.fasterxml:classmate:1.5.1,,,,,,,,,,,
,,,,,org.bouncycastle:bctls-jdk15on:1.68,,,,,,,,,,,
,,,,,org.hibernate.validator:hibernate-validator:6.2.3.Final,,,,,,,,,,,
,,,,,components-bootstrap:3.3.7,,,,,,,,,,,
,,,,,jakarta.xml.bind:jakarta.xml.bind-api:2.3.3,,,,,,,,,,,
,,,,,org.flywaydb:flyway-core:8.5.13,,,,,,,,,,,
,,,,,psych.jar:,,,,,,,,,,,