Competitor Component Name (279),Competitor CVEs,Confidence,Sonatype Component Name (1108),Sonatype CVEs,Sonatype Occurence Path
accepts:1.3.5,snyk:lic:npm:accepts:MIT,10,accepts:1.3.5,,./node_modules/accepts/index.js
ansi-regex:2.1.1,snyk:lic:npm:ansi-regex:MIT,10,ansi-regex:2.1.1,,./node_modules/ansi-regex/index.js
arr-diff:4.0.0,snyk:lic:npm:arr-diff:MIT,10,arr-diff:4.0.0,,./node_modules/arr-diff/index.js
arr-flatten:1.1.0,snyk:lic:npm:arr-flatten:MIT,10,arr-flatten:1.1.0,,./node_modules/arr-flatten/index.js
arr-union:3.1.0,snyk:lic:npm:arr-union:MIT,10,arr-union:3.1.0,,./node_modules/arr-union/index.js
array-filter:1.0.0,snyk:lic:npm:array-filter:MIT,10,array-filter:1.0.0,,./node_modules/array-filter/index.js
array-flatten:1.1.1,snyk:lic:npm:array-flatten:MIT,10,array-flatten:1.1.1,,./node_modules/array-flatten/array-flatten.js
array-unique:0.3.2,snyk:lic:npm:array-unique:MIT,10,array-unique:0.3.2,,./node_modules/array-unique/index.js
assign-symbols:1.0.0,snyk:lic:npm:assign-symbols:MIT,10,assign-symbols:1.0.0,,./node_modules/assign-symbols/index.js
async-each:1.0.3,snyk:lic:npm:async-each:MIT,10,async-each:1.0.3,,./node_modules/async-each/index.js
async:0.2.10,snyk:lic:npm:async:MIT,10,async:0.2.10,,./node_modules/broadway/node_modules/async/component.json
atob:2.1.2,snyk:lic:npm:atob:(MIT_OR_Apache-2.0),10,atob:2.1.2,,./node_modules/atob/bin/atob.js
available-typed-arrays:1.0.2,snyk:lic:npm:available-typed-arrays:MIT,10,available-typed-arrays:1.0.2,,./node_modules/available-typed-arrays/.eslintrc
balanced-match:1.0.0,snyk:lic:npm:balanced-match:MIT,10,balanced-match:1.0.0,,./node_modules/balanced-match/index.js
base:0.11.2,snyk:lic:npm:base:MIT,10,base:0.11.2,,./node_modules/base/index.js
binary-extensions:1.13.1,snyk:lic:npm:binary-extensions:MIT,10,binary-extensions:1.13.1,,./node_modules/binary-extensions/binary-extensions.json
bluebird:3.5.3,snyk:lic:npm:bluebird:MIT,10,bluebird:3.5.3,,./node_modules/bluebird/js/browser/bluebird.core.js
body-parser:1.18.3,snyk:lic:npm:body-parser:MIT,10,body-parser:1.18.3,,./node_modules/body-parser/index.js
brace-expansion:1.1.11,snyk:lic:npm:brace-expansion:MIT,10,brace-expansion:1.1.11,,./node_modules/brace-expansion/index.js
braces:2.3.2,snyk:lic:npm:braces:MIT,10,braces:2.3.2,,./node_modules/braces/index.js
broadway:0.3.6,snyk:lic:npm:broadway:MIT,10,broadway:0.3.6,,./node_modules/broadway/bin/build
bson:1.0.9,"snyk:lic:npm:bson:Apache-2.0, SNYK-JS-BSON-561052",10,bson:1.0.9,"CVE-2019-2391, CVE-2020-7610",./node_modules/bson/bower.json
buffer-shims:1.0.0,snyk:lic:npm:buffer-shims:MIT,10,buffer-shims:1.0.0,,./node_modules/buffer-shims/index.js
random-bytes:1.0.0,snyk:lic:npm:random-bytes:MIT,10,bytes:1.0.0,,./node_modules/body/node_modules/bytes/Makefile
bytes:3.0.0,snyk:lic:npm:bytes:MIT,10,bytes:3.0.0,,./node_modules/bytes/index.js
cache-base:1.0.1,snyk:lic:npm:cache-base:MIT,10,cache-base:1.0.1,,./node_modules/cache-base/index.js
caller:0.0.1,snyk:lic:npm:caller:MIT,10,caller:0.0.1,,./node_modules/caller/index.js
camelcase:1.2.1,snyk:lic:npm:camelcase:MIT,10,camelcase:1.2.1,,./node_modules/camelcase/index.js
camelize:1.0.0,snyk:lic:npm:camelize:MIT,10,camelize:1.0.0,,./node_modules/camelize/example/camel.js
chokidar:2.1.8,snyk:lic:npm:chokidar:MIT,10,chokidar:2.1.8,,./node_modules/forever-monitor/node_modules/chokidar/index.js
class-utils:0.3.6,snyk:lic:npm:class-utils:MIT,10,class-utils:0.3.6,,./node_modules/class-utils/index.js
cliff:0.1.10,snyk:lic:npm:cliff:MIT,10,cliff:0.1.10,,./node_modules/cliff/assets/inspect.png
clone:2.1.2,snyk:lic:npm:clone:MIT,10,clone:2.1.2,,./node_modules/clone/clone.iml
code-point-at:1.1.0,snyk:lic:npm:code-point-at:MIT,10,code-point-at:1.1.0,,./node_modules/code-point-at/index.js
collection-visit:1.0.0,snyk:lic:npm:collection-visit:MIT,10,collection-visit:1.0.0,,./node_modules/collection-visit/index.js
colors:0.6.2,snyk:lic:npm:colors:MIT,10,colors:0.6.2,,./node_modules/colors/colors.js
component-emitter:1.2.1,snyk:lic:npm:component-emitter:MIT,10,component-emitter:1.2.1,,./node_modules/component-emitter/index.js
concat-map:0.0.1,snyk:lic:npm:concat-map:MIT,10,concat-map:0.0.1,,./node_modules/concat-map/README.markdown
connect:3.4.1,snyk:lic:npm:connect:MIT,10,connect:3.4.1,,./node_modules/connect/index.js
consolidate:0.14.5,snyk:lic:npm:consolidate:MIT,10,consolidate:0.14.5,,./node_modules/consolidate/.eslintrc
content-disposition:0.5.2,snyk:lic:npm:content-disposition:MIT,10,content-disposition:0.5.2,,./node_modules/content-disposition/index.js
content-security-policy-builder:1.0.0,snyk:lic:npm:content-security-policy-builder:MIT,10,content-security-policy-builder:1.0.0,,./node_modules/content-security-policy-builder/index.js
content-type:1.0.4,snyk:lic:npm:content-type:MIT,10,content-type:1.0.4,,./node_modules/content-type/index.js
cookie-signature:1.0.6,snyk:lic:npm:cookie-signature:MIT,10,cookie-signature:1.0.6,,./node_modules/cookie-signature/index.js
cookie:0.3.1,snyk:lic:npm:cookie:MIT,10,cookie:0.3.1,,./node_modules/cookie/index.js
copy-descriptor:0.1.1,snyk:lic:npm:copy-descriptor:MIT,10,copy-descriptor:0.1.1,,./node_modules/copy-descriptor/index.js
core-util-is:1.0.2,snyk:lic:npm:core-util-is:MIT,10,core-util-is:1.0.2,,./node_modules/core-util-is/float.patch
crc:3.4.4,snyk:lic:npm:crc:MIT,10,crc:3.4.4,,./node_modules/crc/lib/crc1.js
csrf:3.0.6,snyk:lic:npm:csrf:MIT,10,csrf:3.0.6,,./node_modules/csrf/index.js
csurf:1.9.0,snyk:lic:npm:csurf:MIT,10,csurf:1.9.0,"sonatype-2020-0440, sonatype-2022-5572",./node_modules/csurf/index.js
dashify:0.2.2,snyk:lic:npm:dashify:MIT,10,dashify:0.2.2,,./node_modules/dashify/index.js
debug:2.2.0,"snyk:lic:npm:debug:MIT, npm:debug:20170905",10,debug:2.2.0,sonatype-2017-0519,./node_modules/connect/node_modules/debug/.jshintrc
decamelize:1.2.0,snyk:lic:npm:decamelize:MIT,10,decamelize:1.2.0,,./node_modules/decamelize/index.js
decode-uri-component:0.2.0,snyk:lic:npm:decode-uri-component:MIT,10,decode-uri-component:0.2.0,CVE-2022-38900,./node_modules/decode-uri-component/index.js
deep-equal:0.1.2,snyk:lic:npm:deep-equal:MIT,10,deep-equal:0.1.2,,./node_modules/tape/node_modules/deep-equal/example/cmp.js
deep-extend:0.6.0,snyk:lic:npm:deep-extend:MIT,10,deep-extend:0.6.0,,./node_modules/deep-extend/index.js
define-properties:1.1.3,snyk:lic:npm:define-properties:MIT,10,define-properties:1.1.3,,./node_modules/define-properties/.editorconfig
define-property:0.2.5,snyk:lic:npm:define-property:MIT,10,define-property:0.2.5,,./node_modules/class-utils/node_modules/define-property/index.js
defined:0.0.0,snyk:lic:npm:defined:MIT,10,defined:0.0.0,,./node_modules/defined/example/defined.js
delegates:1.0.0,snyk:lic:npm:delegates:MIT,10,delegates:1.0.0,,./node_modules/npm/node_modules/node-gyp/node_modules/npmlog/node_modules/are-we-there-yet/node_modules/delegates/License
depd:1.1.0,snyk:lic:npm:depd:MIT,10,depd:1.1.0,,./node_modules/nocache/node_modules/depd/index.js
destroy:1.0.4,snyk:lic:npm:destroy:MIT,10,destroy:1.0.4,,./node_modules/destroy/index.js
director:1.2.7,snyk:lic:npm:director:MIT,10,director:1.2.7,,./node_modules/director/bin/build
dns-prefetch-control:0.1.0,snyk:lic:npm:dns-prefetch-control:MIT,10,dns-prefetch-control:0.1.0,,./node_modules/dns-prefetch-control/index.js
dont-sniff-mimetype:1.0.0,snyk:lic:npm:dont-sniff-mimetype:MIT,10,dont-sniff-mimetype:1.0.0,,./node_modules/dont-sniff-mimetype/index.js
ee-first:1.1.1,snyk:lic:npm:ee-first:MIT,10,ee-first:1.1.1,,./node_modules/ee-first/index.js
encodeurl:1.0.2,snyk:lic:npm:encodeurl:MIT,10,encodeurl:1.0.2,,./node_modules/encodeurl/index.js
es-abstract:1.17.5,snyk:lic:npm:es-abstract:MIT,10,es-abstract:1.17.5,,./node_modules/es-abstract/.editorconfig
es-get-iterator:1.1.0,snyk:lic:npm:es-get-iterator:MIT,10,es-get-iterator:1.1.0,,./node_modules/es-get-iterator/.eslintrc
es-to-primitive:1.2.1,snyk:lic:npm:es-to-primitive:MIT,10,es-to-primitive:1.2.1,,./node_modules/es-to-primitive/.eslintrc
es6-promise:3.2.1,snyk:lic:npm:es6-promise:MIT,10,es6-promise:3.2.1,,./node_modules/es6-promise/dist/es6-promise.js
escape-html:1.0.3,snyk:lic:npm:escape-html:MIT,10,escape-html:1.0.3,,./node_modules/escape-html/index.js
etag:1.8.1,snyk:lic:npm:etag:MIT,10,etag:1.8.1,,./node_modules/etag/index.js
event-stream:0.5.3,snyk:lic:npm:event-stream:MIT,10,event-stream:0.5.3,,./node_modules/event-stream/.gitmodules
eventemitter2:0.4.14,snyk:lic:npm:eventemitter2:MIT,10,eventemitter2:0.4.14,,./node_modules/eventemitter2/index.js
expand-brackets:2.1.4,snyk:lic:npm:expand-brackets:MIT,10,expand-brackets:2.1.4,,./node_modules/expand-brackets/index.js
express-session:1.15.6,snyk:lic:npm:express-session:MIT,10,express-session:1.15.6,,./node_modules/express-session/index.js
express:4.16.4,snyk:lic:npm:express:MIT,10,express:4.16.4,sonatype-2012-0022,./node_modules/express/index.js
extend-shallow:2.0.1,snyk:lic:npm:extend-shallow:MIT,10,extend-shallow:2.0.1,,./node_modules/braces/node_modules/extend-shallow/index.js
extglob:2.0.4,snyk:lic:npm:extglob:MIT,10,extglob:2.0.4,,./node_modules/extglob/index.js
eyes:0.1.8,snyk:lic:npm:eyes:MIT,10,eyes:0.1.8,,./node_modules/eyes/Makefile
fill-range:4.0.0,snyk:lic:npm:fill-range:MIT,10,fill-range:4.0.0,,./node_modules/fill-range/index.js
finalhandler:0.4.1,snyk:lic:npm:finalhandler:MIT,10,finalhandler:0.4.1,,./node_modules/connect/node_modules/finalhandler/index.js
flatiron:0.4.3,snyk:lic:npm:flatiron:MIT,10,flatiron:0.4.3,,./node_modules/flatiron/bin/flatiron
for-in:1.0.2,snyk:lic:npm:for-in:MIT,10,for-in:1.0.2,,./node_modules/for-in/index.js
foreach:2.0.5,snyk:lic:npm:foreach:MIT,10,foreach:2.0.5,,./node_modules/foreach/Makefile
forever-monitor:2.0.0,snyk:lic:npm:forever-monitor:MIT,10,forever-monitor:2.0.0,,./node_modules/forever-monitor/lib/forever-monitor/common.js
forever:2.0.0,snyk:lic:npm:forever:MIT,10,forever:2.0.0,,./node_modules/forever/bin/forever
forwarded:0.1.2,snyk:lic:npm:forwarded:MIT,10,forwarded:0.1.2,,./node_modules/forwarded/index.js
fragment-cache:0.2.1,snyk:lic:npm:fragment-cache:MIT,10,fragment-cache:0.2.1,,./node_modules/fragment-cache/index.js
frameguard:2.0.0,snyk:lic:npm:frameguard:MIT,10,frameguard:2.0.0,,./node_modules/frameguard/index.js
fresh:0.5.2,snyk:lic:npm:fresh:MIT,10,fresh:0.5.2,,./node_modules/fresh/index.js
function-bind:1.1.1,snyk:lic:npm:function-bind:MIT,10,function-bind:1.1.1,,./node_modules/function-bind/.editorconfig
get-value:2.0.6,snyk:lic:npm:get-value:MIT,10,get-value:2.0.6,,./node_modules/get-value/index.js
glob-parent:3.1.0,SNYK-JS-GLOBPARENT-1016905,10,glob-parent:3.1.0,CVE-2020-28469,./node_modules/glob-parent/index.js
has-symbols:1.0.1,snyk:lic:npm:has-symbols:MIT,10,has-symbols:1.0.1,,./node_modules/has-symbols/.eslintrc
has-value:0.3.1,snyk:lic:npm:has-value:MIT,10,has-value:0.3.1,,./node_modules/unset-value/node_modules/has-value/index.js
has-values:0.1.4,snyk:lic:npm:has-values:MIT,10,has-values:0.1.4,,./node_modules/unset-value/node_modules/has-values/index.js
has:1.0.3,snyk:lic:npm:has:MIT,10,has:1.0.3,,./node_modules/has/package.json
helmet-csp:1.2.2,"SNYK-JS-HELMETCSP-469436, snyk:lic:npm:helmet-csp:MIT",10,helmet-csp:1.2.2,sonatype-2019-0410,./node_modules/helmet-csp/index.js
helmet:2.3.0,snyk:lic:npm:helmet:MIT,10,helmet:2.3.0,,./node_modules/helmet/config.json
hide-powered-by:1.0.0,snyk:lic:npm:hide-powered-by:MIT,10,hide-powered-by:1.0.0,,./node_modules/hide-powered-by/index.js
hpkp:1.2.0,snyk:lic:npm:hpkp:MIT,10,hpkp:1.2.0,,./node_modules/hpkp/index.js
hsts:1.0.0,snyk:lic:npm:hsts:MIT,10,hsts:1.0.0,,./node_modules/hsts/index.js
http-errors:1.5.1,snyk:lic:npm:http-errors:MIT,10,http-errors:1.5.1,,./node_modules/csurf/node_modules/http-errors/index.js
i:0.3.6,"snyk:lic:npm:i:MIT, SNYK-JS-I-1726768",10,i:0.3.6,CVE-2021-3820,./node_modules/i/lib/defaults.js
iconv-lite:0.4.23,snyk:lic:npm:iconv-lite:MIT,10,iconv-lite:0.4.23,,./node_modules/iconv-lite/encodings/dbcs-codec.js
ienoopen:1.0.0,snyk:lic:npm:ienoopen:MIT,10,ienoopen:1.0.0,,./node_modules/ienoopen/index.js
ini:1.3.5,SNYK-JS-INI-1048974,10,ini:1.3.5,sonatype-2020-1214,./node_modules/ini/ini.js
invert-kv:1.0.0,snyk:lic:npm:invert-kv:MIT,10,invert-kv:1.0.0,,./node_modules/invert-kv/index.js
ipaddr.js:1.8.0,snyk:lic:npm:ipaddr.js:MIT,10,ipaddr.js:1.8.0,,./node_modules/ipaddr.js/ipaddr.min.js
is-accessor-descriptor:0.1.6,snyk:lic:npm:is-accessor-descriptor:MIT,10,is-accessor-descriptor:0.1.6,,./node_modules/is-accessor-descriptor/index.js
is-arguments:1.0.4,snyk:lic:npm:is-arguments:MIT,10,is-arguments:1.0.4,,./node_modules/is-arguments/.editorconfig
is-bigint:1.0.0,snyk:lic:npm:is-bigint:MIT,10,is-bigint:1.0.0,,./node_modules/is-bigint/.editorconfig
is-binary-path:1.0.1,snyk:lic:npm:is-binary-path:MIT,10,is-binary-path:1.0.1,,./node_modules/is-binary-path/index.js
is-boolean-object:1.0.1,snyk:lic:npm:is-boolean-object:MIT,10,is-boolean-object:1.0.1,,./node_modules/is-boolean-object/.eslintrc
is-buffer:1.1.6,snyk:lic:npm:is-buffer:MIT,10,is-buffer:1.1.6,,./node_modules/is-buffer/index.js
is-callable:1.1.5,snyk:lic:npm:is-callable:MIT,10,is-callable:1.1.5,,./node_modules/is-callable/.editorconfig
is-data-descriptor:0.1.4,snyk:lic:npm:is-data-descriptor:MIT,10,is-data-descriptor:0.1.4,,./node_modules/is-data-descriptor/index.js
is-date-object:1.0.2,snyk:lic:npm:is-date-object:MIT,10,is-date-object:1.0.2,,./node_modules/is-date-object/.eslintrc
is-descriptor:0.1.6,snyk:lic:npm:is-descriptor:MIT,10,is-descriptor:0.1.6,,./node_modules/is-descriptor/index.js
is-extendable:0.1.1,snyk:lic:npm:is-extendable:MIT,10,is-extendable:0.1.1,,./node_modules/is-extendable/index.js
is-extglob:2.1.1,snyk:lic:npm:is-extglob:MIT,10,is-extglob:2.1.1,,./node_modules/is-extglob/index.js
is-fullwidth-code-point:1.0.0,snyk:lic:npm:is-fullwidth-code-point:MIT,10,is-fullwidth-code-point:1.0.0,,./node_modules/is-fullwidth-code-point/index.js
is-glob:3.1.0,snyk:lic:npm:is-glob:MIT,10,is-glob:3.1.0,,./node_modules/glob-parent/node_modules/is-glob/index.js
is-map:2.0.1,snyk:lic:npm:is-map:MIT,10,is-map:2.0.1,,./node_modules/is-map/.eslintrc
is-number-object:1.0.4,snyk:lic:npm:is-number-object:MIT,10,is-number-object:1.0.4,,./node_modules/is-number-object/.eslintrc
is-number:3.0.0,snyk:lic:npm:is-number:MIT,10,is-number:3.0.0,,./node_modules/has-values/node_modules/is-number/index.js
is-plain-object:2.0.4,snyk:lic:npm:is-plain-object:MIT,10,is-plain-object:2.0.4,,./node_modules/is-plain-object/index.d.ts
is-regex:1.0.5,snyk:lic:npm:is-regex:MIT,10,is-regex:1.0.5,,./node_modules/is-regex/.eslintrc
is-set:2.0.1,snyk:lic:npm:is-set:MIT,10,is-set:2.0.1,,./node_modules/is-set/.eslintrc
is-string:1.0.5,snyk:lic:npm:is-string:MIT,10,is-string:1.0.5,,./node_modules/is-string/.eslintrc
is-symbol:1.0.3,snyk:lic:npm:is-symbol:MIT,10,is-symbol:1.0.3,,./node_modules/is-symbol/.editorconfig
is-typed-array:1.1.3,snyk:lic:npm:is-typed-array:MIT,10,is-typed-array:1.1.3,,./node_modules/is-typed-array/.eslintrc
is-weakmap:2.0.1,snyk:lic:npm:is-weakmap:MIT,10,is-weakmap:2.0.1,,./node_modules/is-weakmap/.eslintrc
is-weakset:2.0.1,snyk:lic:npm:is-weakset:MIT,10,is-weakset:2.0.1,,./node_modules/is-weakset/.eslintrc
is-windows:1.0.2,snyk:lic:npm:is-windows:MIT,10,is-windows:1.0.2,,./node_modules/is-windows/index.js
isarray:1.0.0,snyk:lic:npm:isarray:MIT,10,isarray:1.0.0,,./node_modules/isarray/Makefile
isobject:2.1.0,snyk:lic:npm:isobject:MIT,10,isobject:2.1.0,,./node_modules/nyc/node_modules/isobject/index.js
isstream:0.1.2,snyk:lic:npm:isstream:MIT,10,isstream:0.1.2,,./node_modules/isstream/.jshintrc
kind-of:3.2.2,snyk:lic:npm:kind-of:MIT,10,kind-of:3.2.2,,./node_modules/has-values/node_modules/is-number/node_modules/kind-of/index.js
kind-of:6.0.2,SNYK-JS-KINDOF-537849,10,kind-of:6.0.2,CVE-2019-20149,./node_modules/base/node_modules/kind-of/index.js
lazy:1.0.11,snyk:lic:npm:lazy:MIT,10,lazy:1.0.11,,./node_modules/lazy/lazy.js
lcid:1.0.0,snyk:lic:npm:lcid:MIT,10,lcid:1.0.0,,./node_modules/lcid/index.js
lodash.reduce:4.5.0,snyk:lic:npm:lodash.reduce:MIT,10,lodash.reduce:4.5.0,,./node_modules/lodash.reduce/index.js
map-cache:0.2.2,snyk:lic:npm:map-cache:MIT,10,map-cache:0.2.2,,./node_modules/map-cache/index.js
map-visit:1.0.0,snyk:lic:npm:map-visit:MIT,10,map-visit:1.0.0,,./node_modules/map-visit/index.js
marked:0.3.9,"snyk:lic:npm:marked:MIT, SNYK-JS-MARKED-174116, SNYK-JS-MARKED-451540, SNYK-JS-MARKED-584281, npm:marked:20180225",10,marked:0.3.9,"sonatype-2017-0636, sonatype-2018-0076, sonatype-2018-0378",./node_modules/marked/Gulpfile.js
media-typer:0.3.0,snyk:lic:npm:media-typer:MIT,10,media-typer:0.3.0,,./node_modules/media-typer/index.js
merge-descriptors:1.0.1,snyk:lic:npm:merge-descriptors:MIT,10,merge-descriptors:1.0.1,,./node_modules/merge-descriptors/index.js
methods:1.1.2,snyk:lic:npm:methods:MIT,10,methods:1.1.2,,./node_modules/methods/index.js
micromatch:3.1.10,snyk:lic:npm:micromatch:MIT,10,micromatch:3.1.10,,./node_modules/liftoff/node_modules/micromatch/index.js
mime-db:1.37.0,snyk:lic:npm:mime-db:MIT,10,mime-db:1.37.0,,./node_modules/mime-db/db.json
mime-types:2.1.21,snyk:lic:npm:mime-types:MIT,10,mime-types:2.1.21,,./node_modules/mime-types/index.js
mime:1.4.1,snyk:lic:npm:mime:MIT,10,mime:1.4.1,,./node_modules/mime/build/build.js
minimist:0.0.10,"snyk:lic:npm:minimist:MIT, SNYK-JS-MINIMIST-559764",10,minimist:0.0.10,CVE-2020-7598,./node_modules/minimist/example/parse.js
mixin-deep:1.3.1,"snyk:lic:npm:mixin-deep:MIT, SNYK-JS-MIXINDEEP-450212",10,mixin-deep:1.3.1,CVE-2019-10746,./node_modules/mixin-deep/index.js
mkdirp:0.5.1,snyk:lic:npm:mkdirp:MIT,10,mkdirp:0.5.1,,./node_modules/mkdirp/bin/cmd.js
mongodb-core:2.1.20,snyk:lic:npm:mongodb-core:Apache-2.0,10,mongodb-core:2.1.20,,./node_modules/mongodb-core/.eslintrc
mongodb:2.2.36,"snyk:lic:npm:mongodb:Apache-2.0, SNYK-JS-MONGODB-473855",10,mongodb:2.2.36,sonatype-2019-0438,./node_modules/mongodb/.eslintrc
ms:0.7.1,"snyk:lic:npm:ms:MIT, npm:ms:20170412",10,ms:0.7.1,sonatype-2017-0621,./node_modules/connect/node_modules/ms/index.js
nanomatch:1.2.13,snyk:lic:npm:nanomatch:MIT,10,nanomatch:1.2.13,,./node_modules/nanomatch/index.js
nconf:0.10.0,snyk:lic:npm:nconf:MIT,10,nconf:0.10.0,CVE-2022-21803,./node_modules/nconf/.eslintrc.json
ncp:0.4.2,snyk:lic:npm:ncp:MIT,10,ncp:0.4.2,,./node_modules/ncp/bin/ncp
needle:2.2.4,snyk:lic:npm:needle:MIT,10,needle:2.2.4,,./node_modules/needle/bin/needle
negotiator:0.6.1,snyk:lic:npm:negotiator:MIT,10,negotiator:0.6.1,,./node_modules/negotiator/index.js
nocache:1.0.1,snyk:lic:npm:nocache:MIT,10,nocache:1.0.1,,./node_modules/nocache/index.js
node-esapi:0.0.1,snyk:lic:npm:node-esapi:MIT,10,node-esapi:0.0.1,,./node_modules/node-esapi/lib/esapi.js
normalize-path:2.1.1,snyk:lic:npm:normalize-path:MIT,10,normalize-path:2.1.1,,./node_modules/anymatch/node_modules/normalize-path/index.js
nssocket:0.6.0,snyk:lic:npm:nssocket:MIT,10,nssocket:0.6.0,,./node_modules/nssocket/examples/bla.js
number-is-nan:1.0.1,snyk:lic:npm:number-is-nan:MIT,10,number-is-nan:1.0.1,,./node_modules/number-is-nan/index.js
object-assign:4.1.1,snyk:lic:npm:object-assign:MIT,10,object-assign:4.1.1,,./node_modules/figures/node_modules/object-assign/index.js
object-copy:0.1.0,snyk:lic:npm:object-copy:MIT,10,object-copy:0.1.0,,./node_modules/object-copy/index.js
object-inspect:1.7.0,snyk:lic:npm:object-inspect:MIT,10,object-inspect:1.7.0,,./node_modules/object-inspect/.eslintrc
object-is:1.0.2,snyk:lic:npm:object-is:MIT,10,object-is:1.0.2,,./node_modules/object-is/.eslintrc
object-keys:1.1.1,snyk:lic:npm:object-keys:MIT,10,object-keys:1.1.1,,./node_modules/object-keys/.editorconfig
object-visit:1.0.1,snyk:lic:npm:object-visit:MIT,10,object-visit:1.0.1,,./node_modules/object-visit/index.js
object.assign:4.1.0,snyk:lic:npm:object.assign:MIT,10,object.assign:4.1.0,,./node_modules/object.assign/.editorconfig
object.pick:1.3.0,snyk:lic:npm:object.pick:MIT,10,object.pick:1.3.0,,./node_modules/object.pick/index.js
on-finished:2.3.0,snyk:lic:npm:on-finished:MIT,10,on-finished:2.3.0,,./node_modules/on-finished/index.js
on-headers:1.0.1,snyk:lic:npm:on-headers:MIT,10,on-headers:1.0.1,,./node_modules/on-headers/index.js
os-homedir:1.0.2,snyk:lic:npm:os-homedir:MIT,10,os-homedir:1.0.2,,./node_modules/os-homedir/index.js
os-locale:1.4.0,snyk:lic:npm:os-locale:MIT,10,os-locale:1.4.0,,./node_modules/nyc/node_modules/os-locale/index.js
os-tmpdir:1.0.2,snyk:lic:npm:os-tmpdir:MIT,10,os-tmpdir:1.0.2,,./node_modules/os-tmpdir/index.js
parseurl:1.3.2,snyk:lic:npm:parseurl:MIT,10,parseurl:1.3.2,,./node_modules/parseurl/index.js
pascalcase:0.1.1,snyk:lic:npm:pascalcase:MIT,10,pascalcase:0.1.1,,./node_modules/pascalcase/index.js
path-dirname:1.0.2,snyk:lic:npm:path-dirname:MIT,10,path-dirname:1.0.2,,./node_modules/path-dirname/index.js
path-is-absolute:1.0.1,snyk:lic:npm:path-is-absolute:MIT,10,path-is-absolute:1.0.1,,./node_modules/npm/node_modules/glob/node_modules/path-is-absolute/index.js
path-to-regexp:0.1.7,snyk:lic:npm:path-to-regexp:MIT,10,path-to-regexp:0.1.7,,./node_modules/path-to-regexp/index.js
pkginfo:0.3.1,snyk:lic:npm:pkginfo:MIT,10,pkginfo:0.3.1,,./node_modules/pkginfo/docs/docco.css
platform:1.3.1,snyk:lic:npm:platform:MIT,10,platform:1.3.1,,./node_modules/platform/package.json
posix-character-classes:0.1.1,snyk:lic:npm:posix-character-classes:MIT,10,posix-character-classes:0.1.1,,./node_modules/posix-character-classes/index.js
prettyjson:1.2.1,snyk:lic:npm:prettyjson:MIT,10,prettyjson:1.2.1,,./node_modules/prettyjson/.jshintrc
process-nextick-args:1.0.7,snyk:lic:npm:process-nextick-args:MIT,10,process-nextick-args:1.0.7,,./node_modules/bl/node_modules/process-nextick-args/index.js
prompt:0.2.14,snyk:lic:npm:prompt:MIT,10,prompt:0.2.14,,./node_modules/prompt/.jshintrc
proxy-addr:2.0.4,snyk:lic:npm:proxy-addr:MIT,10,proxy-addr:2.0.4,,./node_modules/proxy-addr/index.js
ps-tree:0.0.3,snyk:lic:npm:ps-tree:MIT,10,ps-tree:0.0.3,,./node_modules/ps-tree/index.js
random-bytes:1.0.0,snyk:lic:npm:random-bytes:MIT,10,random-bytes:1.0.0,,./node_modules/random-bytes/index.js
range-parser:1.2.0,snyk:lic:npm:range-parser:MIT,10,range-parser:1.2.0,,./node_modules/range-parser/index.js
raw-body:2.3.3,snyk:lic:npm:raw-body:MIT,10,raw-body:2.3.3,,./node_modules/raw-body/index.d.ts
rc:1.2.8,snyk:lic:npm:rc:(BSD-2-Clause_OR_MIT_OR_Apache-2.0),10,rc:1.2.8,,./node_modules/rc/browser.js
readable-stream:2.2.7,snyk:lic:npm:readable-stream:MIT,10,readable-stream:2.2.7,,./node_modules/mongodb/node_modules/readable-stream/duplex-browser.js
readdirp:2.2.1,snyk:lic:npm:readdirp:MIT,10,readdirp:2.2.1,,./node_modules/readdirp/package.json
referrer-policy:1.0.0,snyk:lic:npm:referrer-policy:MIT,10,referrer-policy:1.0.0,,./node_modules/referrer-policy/index.js
regex-not:1.0.2,snyk:lic:npm:regex-not:MIT,10,regex-not:1.0.2,,./node_modules/regex-not/index.js
regexp.prototype.flags:1.3.0,snyk:lic:npm:regexp.prototype.flags:MIT,10,regexp.prototype.flags:1.3.0,,./node_modules/regexp.prototype.flags/.editorconfig
repeat-element:1.1.3,snyk:lic:npm:repeat-element:MIT,10,repeat-element:1.1.3,,./node_modules/repeat-element/index.js
repeat-string:1.6.1,snyk:lic:npm:repeat-string:MIT,10,repeat-string:1.6.1,,./node_modules/repeat-string/index.js
require_optional:1.0.1,snyk:lic:npm:require_optional:Apache-2.0,10,require_optional:1.0.1,,./node_modules/require_optional/index.js
resolve-from:2.0.0,snyk:lic:npm:resolve-from:MIT,10,resolve-from:2.0.0,,./node_modules/nyc/node_modules/resolve-from/index.js
resolve-url:0.2.1,snyk:lic:npm:resolve-url:MIT,10,resolve-url:0.2.1,,./node_modules/resolve-url/.jshintrc
resumer:0.0.0,snyk:lic:npm:resumer:MIT,10,resumer:0.0.0,,./node_modules/resumer/example/resume.js
ret:0.1.15,snyk:lic:npm:ret:MIT,10,ret:0.1.15,,./node_modules/ret/lib/index.js
revalidator:0.1.8,snyk:lic:npm:revalidator:Apache-2.0,10,revalidator:0.1.8,sonatype-2020-1452,./node_modules/revalidator/example/webservice.js
rndm:1.2.0,snyk:lic:npm:rndm:MIT,10,rndm:1.2.0,,./node_modules/rndm/index.js
safe-buffer:5.1.1,snyk:lic:npm:safe-buffer:MIT,10,safe-buffer:5.1.1,,./node_modules/serve-favicon/node_modules/safe-buffer/index.js
safe-regex:1.1.0,snyk:lic:npm:safe-regex:MIT,10,safe-regex:1.1.0,,./node_modules/safe-regex/example/safe.js
safer-buffer:2.1.2,snyk:lic:npm:safer-buffer:MIT,10,safer-buffer:2.1.2,,./node_modules/safer-buffer/dangerous.js
secure-keys:1.0.0,snyk:lic:npm:secure-keys:MIT,10,secure-keys:1.0.0,,./node_modules/secure-keys/index.js
send:0.16.2,snyk:lic:npm:send:MIT,10,send:0.16.2,,./node_modules/send/index.js
serve-favicon:2.5.0,snyk:lic:npm:serve-favicon:MIT,10,serve-favicon:2.5.0,,./node_modules/serve-favicon/index.js
serve-static:1.13.2,snyk:lic:npm:serve-static:MIT,10,serve-static:1.13.2,,./node_modules/serve-static/index.js
set-value:0.4.3,"snyk:lic:npm:set-value:MIT, SNYK-JS-SETVALUE-1540541, SNYK-JS-SETVALUE-450213",10,set-value:0.4.3,CVE-2019-10747,./node_modules/union-value/node_modules/set-value/index.js
shush:1.0.0,snyk:lic:npm:shush:MIT,10,shush:1.0.0,,./node_modules/shush/index.js
side-channel:1.0.2,snyk:lic:npm:side-channel:MIT,10,side-channel:1.0.2,,./node_modules/side-channel/.eslintrc
snapdragon-node:2.1.1,snyk:lic:npm:snapdragon-node:MIT,10,snapdragon-node:2.1.1,,./node_modules/snapdragon-node/index.js
snapdragon-util:3.0.1,snyk:lic:npm:snapdragon-util:MIT,10,snapdragon-util:3.0.1,,./node_modules/snapdragon-util/index.js
snapdragon:0.8.2,snyk:lic:npm:snapdragon:MIT,10,snapdragon:0.8.2,,./node_modules/snapdragon/index.js
source-map-resolve:0.5.2,snyk:lic:npm:source-map-resolve:MIT,10,source-map-resolve:0.5.2,,./node_modules/source-map-resolve/.jshintrc
source-map-url:0.4.0,snyk:lic:npm:source-map-url:MIT,10,source-map-url:0.4.0,,./node_modules/source-map-url/.jshintrc
source-map:0.1.34,snyk:lic:npm:source-map:BSD-2-Clause,10,source-map:0.1.34,,./node_modules/uglify-js/node_modules/source-map/.tern-port
split-string:3.1.0,snyk:lic:npm:split-string:MIT,10,split-string:3.1.0,,./node_modules/split-string/index.js
stack-trace:0.0.10,snyk:lic:npm:stack-trace:MIT,10,stack-trace:0.0.10,,./node_modules/stack-trace/License
static-extend:0.1.2,snyk:lic:npm:static-extend:MIT,10,static-extend:0.1.2,,./node_modules/static-extend/index.js
statuses:1.4.0,snyk:lic:npm:statuses:MIT,10,statuses:1.4.0,,./node_modules/express/node_modules/statuses/codes.json
string-width:1.0.2,snyk:lic:npm:string-width:MIT,10,string-width:1.0.2,,./node_modules/npm/node_modules/node-gyp/node_modules/npmlog/node_modules/gauge/node_modules/string-width/index.js
string.prototype.trimend:1.0.0,snyk:lic:npm:string.prototype.trimend:MIT,10,string.prototype.trimend:1.0.0,,./node_modules/string.prototype.trimend/.editorconfig
string.prototype.trimleft:2.1.2,snyk:lic:npm:string.prototype.trimleft:MIT,10,string.prototype.trimleft:2.1.2,,./node_modules/string.prototype.trimleft/.editorconfig
string.prototype.trimright:2.1.2,snyk:lic:npm:string.prototype.trimright:MIT,10,string.prototype.trimright:2.1.2,,./node_modules/string.prototype.trimright/.editorconfig
string.prototype.trimstart:1.0.0,snyk:lic:npm:string.prototype.trimstart:MIT,10,string.prototype.trimstart:1.0.0,,./node_modules/string.prototype.trimstart/.editorconfig
string_decoder:1.0.3,snyk:lic:npm:string_decoder:MIT,10,string_decoder:1.0.3,,./node_modules/mongodb/node_modules/string_decoder/lib/string_decoder.js
strip-ansi:3.0.1,snyk:lic:npm:strip-ansi:MIT,10,strip-ansi:3.0.1,,./node_modules/npm/node_modules/strip-ansi/index.js
strip-json-comments:0.1.3,snyk:lic:npm:strip-json-comments:MIT,10,strip-json-comments:0.1.3,,./node_modules/shush/node_modules/strip-json-comments/cli.js
swig:1.4.2,snyk:lic:npm:swig:MIT,10,swig:1.4.2,,./node_modules/swig/bin/swig.js
tape:2.3.3,snyk:lic:npm:tape:MIT,10,tape:2.3.3,,./node_modules/tape/bin/tape
through:2.3.8,snyk:lic:npm:through:MIT,10,through:2.3.8,,./node_modules/through/index.js
to-object-path:0.3.0,snyk:lic:npm:to-object-path:MIT,10,to-object-path:0.3.0,,./node_modules/to-object-path/index.js
to-regex-range:2.1.1,snyk:lic:npm:to-regex-range:MIT,10,to-regex-range:2.1.1,,./node_modules/to-regex-range/index.js
to-regex:3.0.2,snyk:lic:npm:to-regex:MIT,10,to-regex:3.0.2,,./node_modules/to-regex/index.js
tsscmp:1.0.5,snyk:lic:npm:tsscmp:MIT,10,tsscmp:1.0.5,,./node_modules/tsscmp/lib/index.js
type-is:1.6.16,snyk:lic:npm:type-is:MIT,10,type-is:1.6.16,,./node_modules/type-is/index.js
uglify-js:2.4.24,"snyk:lic:npm:uglify-js:BSD-2-Clause, npm:uglify-js:20151024",10,uglify-js:2.4.24,"sonatype-2015-0010, CVE-2015-8858",./node_modules/uglify-js/bin/extract-props.js
uglify-to-browserify:1.0.2,snyk:lic:npm:uglify-to-browserify:MIT,10,uglify-to-browserify:1.0.2,,./node_modules/nyc/node_modules/uglify-to-browserify/index.js
uid-safe:2.1.4,snyk:lic:npm:uid-safe:MIT,10,uid-safe:2.1.4,,./node_modules/uid-safe/index.js
underscore:1.9.1,"SNYK-JS-UNDERSCORE-1080984, snyk:lic:npm:underscore:MIT",10,underscore:1.9.1,CVE-2021-23358,./node_modules/underscore/package.json
union-value:1.0.0,snyk:lic:npm:union-value:MIT,10,union-value:1.0.0,,./node_modules/union-value/index.js
unpipe:1.0.0,snyk:lic:npm:unpipe:MIT,10,unpipe:1.0.0,,./node_modules/npm/node_modules/unpipe/index.js
unset-value:1.0.0,snyk:lic:npm:unset-value:MIT,10,unset-value:1.0.0,sonatype-2021-0459,./node_modules/unset-value/index.js
upath:1.1.2,snyk:lic:npm:upath:MIT,10,upath:1.1.2,,./node_modules/upath/build/code/upath.js
urix:0.1.0,snyk:lic:npm:urix:MIT,10,urix:0.1.0,,./node_modules/urix/.jshintrc
use:3.1.1,snyk:lic:npm:use:MIT,10,use:3.1.1,,./node_modules/use/index.js
util-deprecate:1.0.2,snyk:lic:npm:util-deprecate:MIT,10,util-deprecate:1.0.2,,./node_modules/npm/node_modules/npm-registry-client/node_modules/concat-stream/node_modules/readable-stream/node_modules/util-deprecate/browser.js
utile:0.2.1,"snyk:lic:npm:utile:MIT, npm:utile:20180614",10,utile:0.2.1,sonatype-2018-0208,./node_modules/broadway/node_modules/utile/lib/args.js
utils-merge:1.0.0,snyk:lic:npm:utils-merge:MIT,10,utils-merge:1.0.0,,./node_modules/connect/node_modules/utils-merge/index.js
vary:1.1.2,snyk:lic:npm:vary:MIT,10,vary:1.1.2,,./node_modules/vary/index.js
which-boxed-primitive:1.0.1,snyk:lic:npm:which-boxed-primitive:MIT,10,which-boxed-primitive:1.0.1,,./node_modules/which-boxed-primitive/.editorconfig
which-collection:1.0.1,snyk:lic:npm:which-collection:MIT,10,which-collection:1.0.1,,./node_modules/which-collection/.eslintrc
which-typed-array:1.1.1,snyk:lic:npm:which-typed-array:MIT,10,which-typed-array:1.1.1,,./node_modules/which-typed-array/.eslintrc
window-size:0.1.0,snyk:lic:npm:window-size:MIT,10,window-size:0.1.0,,./node_modules/nyc/node_modules/window-size/index.js
winston:0.8.0,snyk:lic:npm:winston:MIT,10,winston:0.8.0,,./node_modules/broadway/node_modules/winston/examples/couchdb.js
wordwrap:0.0.3,snyk:lic:npm:wordwrap:MIT,10,wordwrap:0.0.3,,./node_modules/nyc/node_modules/wordwrap/README.markdown
wrap-ansi:2.1.0,snyk:lic:npm:wrap-ansi:MIT,10,wrap-ansi:2.1.0,,./node_modules/wrap-ansi/index.js
x-xss-protection:1.0.0,snyk:lic:npm:x-xss-protection:MIT,10,x-xss-protection:1.0.0,,./node_modules/x-xss-protection/index.js
y18n:3.2.1,SNYK-JS-Y18N-1021887,10,y18n:3.2.1,"sonatype-2020-1040, CVE-2020-7774",./node_modules/nyc/node_modules/y18n/index.js
yargs:3.32.0,snyk:lic:npm:yargs:MIT,10,yargs:3.32.0,,./node_modules/nconf/node_modules/yargs/completion.sh.hbs
detect-libc:1.0.3,snyk:lic:npm:detect-libc:Apache-2.0,,,,
fsevents:1.2.9,snyk:lic:npm:fsevents:MIT,,,,
minizlib:1.2.1,snyk:lic:npm:minizlib:MIT,,,,
nan:2.14.0,snyk:lic:npm:nan:MIT,,,,
tar:4.4.8,"SNYK-JS-TAR-1536528, SNYK-JS-TAR-1536531, SNYK-JS-TAR-1579147, SNYK-JS-TAR-1579152, SNYK-JS-TAR-1579155, SNYK-JS-TAR-1536758",,,,
,,,@cypress/listr-verbose-renderer:0.4.1,,./node_modules/@cypress/listr-verbose-renderer/index.js
,,,@cypress/xvfb:1.2.4,,./node_modules/@cypress/xvfb/index.js
,,,@shore/bootstrap:3.3.5-shore.76,,./app/assets/vendor/bootstrap/bootstrap.js
,,,@types/node:10.12.18,,./node_modules/@types/node/index.d.ts
,,,@types/semver:5.5.0,,./node_modules/@types/semver/index.d.ts
,,,abbrev:1.0.9,,./node_modules/npm/node_modules/abbrev/abbrev.js
,,,abbrev:1.1.1,,./node_modules/abbrev/abbrev.js
,,,adm-zip:0.4.4,CVE-2018-1002204,./node_modules/adm-zip/adm-zip.js
,,,ajv:6.10.0,CVE-2020-15366,./node_modules/ajv/.tonic_example.js
,,,align-text:0.1.4,,./node_modules/nyc/node_modules/align-text/index.js
,,,amdefine:1.0.0,,./node_modules/nyc/node_modules/amdefine/amdefine.js
,,,amdefine:1.0.1,,./node_modules/amdefine/amdefine.js
,,,ansi-align:2.0.0,,./node_modules/ansi-align/index.js
,,,ansi-escapes:1.4.0,,./node_modules/ansi-escapes/index.js
,,,ansi-regex:2.0.0,,./node_modules/npm/node_modules/ansi-regex/index.js
,,,ansi-regex:3.0.0,"sonatype-2021-1169, CVE-2021-3807",./node_modules/ansi-align/node_modules/ansi-regex/index.js
,,,ansi-styles:2.2.1,,./node_modules/@cypress/listr-verbose-renderer/node_modules/ansi-styles/index.js
,,,ansi-styles:3.2.1,,./node_modules/ansi-styles/index.js
,,,ansicolors:0.3.2,,./node_modules/npm/node_modules/ansicolors/ansicolors.js
,,,ansistyles:0.1.3,,./node_modules/npm/node_modules/ansistyles/ansistyles.js
,,,anymatch:2.0.0,,./node_modules/anymatch/index.js
,,,append-transform:0.3.0,,./node_modules/nyc/node_modules/append-transform/index.js
,,,aproba:1.0.4,,./node_modules/npm/node_modules/aproba/index.js
,,,arch:2.1.1,,./node_modules/arch/browser.js
,,,archy:1.0.0,,./node_modules/npm/node_modules/archy/README.markdown
,,,are-we-there-yet:1.1.2,,./node_modules/npm/node_modules/node-gyp/node_modules/npmlog/node_modules/are-we-there-yet/index.js
,,,argparse:1.0.10,,./node_modules/argparse/index.js
,,,arr-diff:2.0.0,,./node_modules/nyc/node_modules/arr-diff/index.js
,,,arr-flatten:1.0.1,,./node_modules/nyc/node_modules/arr-flatten/index.js
,,,array-each:1.0.1,,./node_modules/array-each/index.js
,,,array-find-index:1.0.2,,./node_modules/array-find-index/index.js
,,,array-index:1.0.0,,./node_modules/npm/node_modules/node-gyp/node_modules/path-array/node_modules/array-index/.jshintrc
,,,array-slice:1.1.0,,./node_modules/array-slice/index.js
,,,array-unique:0.2.1,,./node_modules/nyc/node_modules/array-unique/index.js
,,,arrify:1.0.1,,./node_modules/arrify/index.js
,,,asap:2.0.5,,./node_modules/npm/node_modules/asap/asap.js
,,,asap:2.0.6,,./node_modules/asap/asap.js
,,,asn1:0.1.11,,./node_modules/zaproxy/node_modules/asn1/lib/ber/errors.js
,,,asn1:0.2.3,,./node_modules/npm/node_modules/request/node_modules/http-signature/node_modules/sshpk/node_modules/asn1/lib/ber/errors.js
,,,asn1:0.2.4,,./node_modules/asn1/lib/ber/errors.js
,,,assert-plus:0.1.5,,./node_modules/zaproxy/node_modules/assert-plus/assert.js
,,,assert-plus:0.2.0,,./node_modules/assert-plus/AUTHORS
,,,assert-plus:1.0.0,,./node_modules/cypress/node_modules/assert-plus/AUTHORS
,,,async:0.2.9,,./node_modules/broadway/node_modules/nconf/node_modules/async/component.json
,,,async:0.9.2,,./node_modules/utile/node_modules/async/bower.json
,,,async:1.5.2,,./node_modules/forever/node_modules/async/dist/async.js
,,,async:2.6.1,CVE-2021-43138,./node_modules/async/all.js
,,,asynckit:0.4.0,,./node_modules/asynckit/bench.js
,,,aws-sign2:0.5.0,,./node_modules/zaproxy/node_modules/aws-sign2/index.js
,,,aws-sign2:0.6.0,,./node_modules/aws-sign2/index.js
,,,aws-sign2:0.7.0,,./node_modules/cypress/node_modules/aws-sign2/index.js
,,,aws4:1.4.1,,./node_modules/npm/node_modules/request/node_modules/aws4/.tern-port
,,,aws4:1.8.0,,./node_modules/aws4/aws4.js
,,,babel-code-frame:6.11.0,,./node_modules/nyc/node_modules/babel-code-frame/lib/index.js
,,,babel-generator:6.11.4,,./node_modules/nyc/node_modules/babel-generator/lib/buffer.js
,,,babel-messages:6.8.0,,./node_modules/nyc/node_modules/babel-messages/lib/index.js
,,,babel-runtime:6.9.2,,./node_modules/nyc/node_modules/babel-runtime/core-js.js
,,,babel-template:6.9.0,,./node_modules/nyc/node_modules/babel-template/lib/index.js
,,,babel-traverse:6.11.4,,./node_modules/nyc/node_modules/babel-traverse/lib/cache.js
,,,babel-types:6.11.1,,./node_modules/nyc/node_modules/babel-types/lib/constants.js
,,,babylon:6.8.4,,./node_modules/nyc/node_modules/babylon/bin/babylon.js
,,,balanced-match:0.4.2,,./node_modules/npm/node_modules/glob/node_modules/minimatch/node_modules/brace-expansion/node_modules/balanced-match/index.js
,,,bcrypt-nodejs:0.0.3,,./node_modules/bcrypt-nodejs/.gitattributes
,,,bcrypt-pbkdf:1.0.0,,./node_modules/npm/node_modules/request/node_modules/http-signature/node_modules/sshpk/node_modules/bcrypt-pbkdf/index.js
,,,bcrypt-pbkdf:1.0.2,,./node_modules/bcrypt-pbkdf/index.js
,,,bl:1.0.3,CVE-2020-8244,./node_modules/bl/.jshintrc
,,,bl:1.1.2,CVE-2020-8244,./node_modules/npm/node_modules/request/node_modules/bl/.jshintrc
,,,block-stream:0.0.8,,./node_modules/npm/node_modules/tar/node_modules/block-stream/LICENCE
,,,bluebird:3.5.0,,./node_modules/cypress/node_modules/bluebird/js/browser/bluebird.core.js
,,,body:5.1.0,,./node_modules/body/LICENCE
,,,boom:0.4.2,,./node_modules/zaproxy/node_modules/boom/Makefile
,,,boom:2.10.1,sonatype-2016-0091,./node_modules/boom/images/boom.png
,,,bootstrap-tour:0.9.3,,./app/assets/vendor/bootstrap/bootstrap-tour.js
,,,boxen:1.3.0,,./node_modules/boxen/index.js
,,,brace-expansion:1.1.6,"sonatype-2017-0030, sonatype-2017-0495",./node_modules/npm/node_modules/glob/node_modules/minimatch/node_modules/brace-expansion/index.js
,,,braces:1.8.5,,./node_modules/nyc/node_modules/braces/index.js
,,,browserify:1.1.0,,./node_modules/resolve/test/resolver/bar/node_modules/foo/index.js
,,,browserify:2.29.0,,./node_modules/resolve/test/resolver/biz/node_modules/tiv/index.js
,,,bson:1.0.8,"CVE-2019-2391, CVE-2020-7610",./node_modules/bson/browser_build/bson.js
,,,buffer-crc32:0.2.13,,./node_modules/buffer-crc32/index.js
,,,buffer-from:1.1.1,,./node_modules/buffer-from/index.js
,,,builtin-modules:1.1.1,,./node_modules/builtin-modules/builtin-modules.json
,,,builtins:0.0.7,,./node_modules/npm/node_modules/validate-npm-package-name/node_modules/builtins/builtins.json
,,,cachedir:1.3.0,,./node_modules/cachedir/index.js
,,,caching-transform:1.0.1,,./node_modules/nyc/node_modules/caching-transform/index.js
,,,camelcase-keys:2.1.0,,./node_modules/camelcase-keys/index.js
,,,camelcase:2.1.1,,./node_modules/camelcase-keys/node_modules/camelcase/index.js
,,,camelcase:3.0.0,,./node_modules/nyc/node_modules/yargs-parser/node_modules/camelcase/index.js
,,,camelcase:4.1.0,,./node_modules/boxen/node_modules/camelcase/index.js
,,,can-namespace:1.0.0,,./config/env/production.js
,,,capture-stack-trace:1.0.1,,./node_modules/capture-stack-trace/index.js
,,,caseless:0.11.0,,./node_modules/caseless/index.js
,,,caseless:0.12.0,,./node_modules/cypress/node_modules/caseless/index.js
,,,center-align:0.1.3,,./node_modules/nyc/node_modules/center-align/index.js
,,,chalk:1.1.3,,./node_modules/@cypress/listr-verbose-renderer/node_modules/chalk/index.js
,,,chalk:2.4.2,,./node_modules/chalk/index.js
,,,check-more-types:2.24.0,,./node_modules/check-more-types/bower.json
,,,chokidar:2.1.6,,./node_modules/chokidar/index.js
,,,chownr:1.0.1,sonatype-2017-0635,./node_modules/npm/node_modules/chownr/chownr.js
,,,ci-info:1.6.0,,./node_modules/ci-info/index.js
,,,clean-yaml-object:0.1.0,,./node_modules/clean-yaml-object/index.js
,,,cli-boxes:1.0.0,,./node_modules/cli-boxes/boxes.json
,,,cli-cursor:1.0.2,,./node_modules/cli-cursor/index.js
,,,cli-spinners:0.1.2,,./node_modules/cli-spinners/index.js
,,,cli-truncate:0.2.1,,./node_modules/cli-truncate/index.js
,,,cli:1.0.1,,./node_modules/cli/cli.js
,,,cliff:0.1.9,,./node_modules/broadway/node_modules/cliff/assets/inspect.png
,,,cliui:2.1.0,,./node_modules/nyc/node_modules/cliui/index.js
,,,cliui:3.2.0,,./node_modules/cliui/index.js
,,,clone:1.0.2,,./node_modules/npm/node_modules/columnify/node_modules/wcwidth/node_modules/defaults/node_modules/clone/clone.js
,,,cmd-shim:2.0.2,,./node_modules/npm/node_modules/cmd-shim/index.js
,,,code-point-at:1.0.0,,./node_modules/npm/node_modules/node-gyp/node_modules/npmlog/node_modules/gauge/node_modules/string-width/node_modules/code-point-at/index.js
,,,coffeescript:1.10.0,,./node_modules/coffeescript/CNAME
,,,color-convert:1.9.3,,./node_modules/color-convert/conversions.js
,,,color-name:1.1.3,,./node_modules/color-name/.eslintrc.json
,,,color-support:1.1.3,,./node_modules/color-support/bin.js
,,,colors:1.0.3,,./node_modules/cliff/node_modules/colors/examples/normal-usage.js
,,,colors:1.1.2,,./node_modules/grunt-legacy-log/node_modules/colors/examples/normal-usage.js
,,,colors:1.4.0,,./node_modules/prettyjson/node_modules/colors/examples/normal-usage.js
,,,columnify:1.5.4,,./node_modules/npm/node_modules/columnify/Makefile
,,,combined-stream:0.0.7,,./node_modules/zaproxy/node_modules/combined-stream/License
,,,combined-stream:1.0.5,,./node_modules/npm/node_modules/request/node_modules/combined-stream/License
,,,combined-stream:1.0.7,,./node_modules/combined-stream/License
,,,commander:0.6.1,,./node_modules/jade/node_modules/commander/Makefile
,,,commander:2.15.1,,./node_modules/cypress/node_modules/commander/index.js
,,,commander:2.19.0,,./node_modules/commander/index.js
,,,commander:2.3.0,,./node_modules/mocha/node_modules/commander/index.js
,,,commander:2.5.1,,./node_modules/retire/node_modules/commander/index.js
,,,commander:2.9.0,,./node_modules/npm/node_modules/request/node_modules/har-validator/node_modules/commander/index.js
,,,common-tags:1.8.0,,./node_modules/common-tags/dist/common-tags.min.js
,,,commondir:1.0.1,,./node_modules/nyc/node_modules/commondir/example/dir.js
,,,concat-stream:1.5.2,,./node_modules/npm/node_modules/npm-registry-client/node_modules/concat-stream/index.js
,,,concat-stream:1.6.2,,./node_modules/concat-stream/index.js
,,,config-chain:1.1.11,,./node_modules/npm/node_modules/config-chain/LICENCE
,,,config-chain:1.1.12,,./node_modules/config-chain/LICENCE
,,,configstore:3.1.2,,./node_modules/configstore/index.js
,,,console-browserify:1.1.0,,./node_modules/console-browserify/.testem.json
,,,console-control-strings:1.1.0,,./node_modules/npm/node_modules/node-gyp/node_modules/npmlog/node_modules/console-control-strings/index.js
,,,continuable-cache:0.3.1,,./node_modules/continuable-cache/.jshintrc
,,,convert-source-map:1.3.0,,./node_modules/nyc/node_modules/convert-source-map/example/comment-to-json.js
,,,core-js:2.4.1,,./node_modules/nyc/node_modules/core-js/Gruntfile.js
,,,coveralls:2.13.3,sonatype-2021-0229,./node_modules/coveralls/.snyk
,,,create-error-class:3.0.2,,./node_modules/create-error-class/index.js
,,,cross-env:7.0.2,,./node_modules/cross-env/package.json
,,,cross-spawn:4.0.0,,./node_modules/nyc/node_modules/cross-spawn/.editorconfig
,,,cross-spawn:4.0.2,,./node_modules/cross-spawn/index.js
,,,cross-spawn:5.1.0,,./node_modules/execa/node_modules/cross-spawn/index.js
,,,cross-spawn:6.0.5,,./node_modules/cypress/node_modules/cross-spawn/index.js
,,,cross-spawn:7.0.3,,./node_modules/cross-env/node_modules/cross-spawn/index.js
,,,cryptiles:0.2.2,,./node_modules/zaproxy/node_modules/cryptiles/Makefile
,,,cryptiles:2.0.5,,./node_modules/cryptiles/lib/index.js
,,,crypto-random-string:1.0.0,,./node_modules/crypto-random-string/index.js
,,,ctype:0.5.3,,./node_modules/ctype/README
,,,currently-unhandled:0.4.1,,./node_modules/currently-unhandled/browser.js
,,,cycle:1.0.3,,./node_modules/cycle/cycle.js
,,,cypress:3.3.1,,./node_modules/cypress/bin/cypress
,,,d:0.1.1,,./node_modules/npm/node_modules/node-gyp/node_modules/path-array/node_modules/array-index/node_modules/es6-symbol/node_modules/d/.lint
,,,dashdash:1.14.0,,./node_modules/npm/node_modules/request/node_modules/http-signature/node_modules/sshpk/node_modules/dashdash/etc/dashdash.bash_completion.in
,,,dashdash:1.14.1,,./node_modules/dashdash/etc/dashdash.bash_completion.in
,,,date-fns:1.11.0,,./node_modules/date-fns/locale/eo/build_distance_in_words_locale/index.js
,,,date-fns:1.11.2,,./node_modules/date-fns/end_of_iso_year/index.js
,,,date-fns:1.14.0,,./node_modules/date-fns/locale/nb/build_distance_in_words_locale/index.js
,,,date-fns:1.15.0,,./node_modules/date-fns/locale/ca/build_distance_in_words_locale/index.js
,,,date-fns:1.16.0,,./node_modules/date-fns/locale/de/build_distance_in_words_locale/index.js
,,,date-fns:1.17.0,,./node_modules/date-fns/closest_to/index.js
,,,date-fns:1.18.0,,./node_modules/date-fns/locale/ko/build_distance_in_words_locale/index.js
,,,date-fns:1.19.0,,./node_modules/date-fns/locale/el/build_distance_in_words_locale/index.js
,,,date-fns:1.21.0,,./node_modules/date-fns/locale/fil/build_distance_in_words_locale/index.js
,,,date-fns:1.22.0,,./node_modules/date-fns/locale/is/build_distance_in_words_locale/index.js
,,,date-fns:1.23.0,,./node_modules/date-fns/locale/fi/build_distance_in_words_locale/index.js
,,,date-fns:1.24.0,,./node_modules/date-fns/are_ranges_overlapping/index.js
,,,date-fns:1.25.0,,./node_modules/date-fns/locale/bg/build_distance_in_words_locale/index.js
,,,date-fns:1.27.0,,./node_modules/date-fns/locale/mk/build_distance_in_words_locale/index.js
,,,date-fns:1.27.2,,./node_modules/date-fns/locale/nl/build_distance_in_words_locale/index.js
,,,date-fns:1.28.0,,./node_modules/date-fns/add_iso_years/index.js
,,,date-fns:1.28.1,,./node_modules/date-fns/add_hours/index.js
,,,date-fns:1.28.2,,./node_modules/date-fns/locale/pl/build_distance_in_words_locale/index.js
,,,date-fns:1.28.3,,./node_modules/date-fns/locale/da/build_distance_in_words_locale/index.js
,,,date-fns:1.28.4,,./node_modules/date-fns/locale/es/build_distance_in_words_locale/index.js
,,,date-fns:1.28.5,,./node_modules/date-fns/locale/zh_cn/build_distance_in_words_locale/index.js
,,,date-fns:1.29.0,,./node_modules/date-fns/each_day/index.js
,,,date-fns:1.30.0,,./node_modules/date-fns/_lib/getTimezoneOffsetInMilliseconds/index.js
,,,date-fns:1.30.1,,./node_modules/date-fns/docs.json
,,,date-fns:1.4.0,,./node_modules/date-fns/closest_index_to/index.js
,,,date-now:0.1.4,,./node_modules/date-now/.testem.json
,,,dateformat:1.0.12,,./node_modules/dateformat/bin/cli.js
,,,debug:2.6.9,,./node_modules/debug/.eslintrc
,,,debug:3.2.6,,./node_modules/@cypress/xvfb/node_modules/debug/dist/debug.js
,,,debuglog:1.0.1,,./node_modules/debuglog/debuglog.js
,,,deep-equal:0.2.2,,./node_modules/utile/node_modules/deep-equal/example/cmp.js
,,,deep-equal:2.0.2,,./node_modules/deep-equal/.editorconfig
,,,deeper:2.1.0,,./node_modules/deeper/.jshintrc
,,,default-require-extensions:1.0.0,,./node_modules/nyc/node_modules/default-require-extensions/js.js
,,,defaults:1.0.3,,./node_modules/npm/node_modules/columnify/node_modules/wcwidth/node_modules/defaults/index.js
,,,define-property:1.0.0,,./node_modules/base/node_modules/define-property/index.js
,,,define-property:2.0.2,,./node_modules/define-property/index.js
,,,delayed-stream:0.0.5,,./node_modules/zaproxy/node_modules/delayed-stream/License
,,,delayed-stream:1.0.0,,./node_modules/delayed-stream/License
,,,depd:1.1.2,,./node_modules/depd/index.js
,,,detect-file:1.0.0,,./node_modules/detect-file/index.js
,,,detect-indent:3.0.1,,./node_modules/nyc/node_modules/detect-indent/cli.js
,,,dezalgo:1.0.3,,./node_modules/dezalgo/dezalgo.js
,,,diff:1.4.0,,./node_modules/diff/diff.js
,,,dom-serializer:0.1.0,,./node_modules/dom-serializer/index.js
,,,domelementtype:1.1.3,,./node_modules/dom-serializer/node_modules/domelementtype/index.js
,,,domelementtype:1.3.1,,./node_modules/domelementtype/index.js
,,,domhandler:2.3.0,,./node_modules/domhandler/index.js
,,,domutils:1.5.1,,./node_modules/domutils/index.js
,,,dot-prop:4.2.0,"sonatype-2020-0018, CVE-2020-8116",./node_modules/dot-prop/index.js
,,,duplexer3:0.1.4,,./node_modules/duplexer3/index.js
,,,duplexify:3.6.1,,./node_modules/duplexify/example.js
,,,ecc-jsbn:0.1.1,,./node_modules/npm/node_modules/request/node_modules/http-signature/node_modules/sshpk/node_modules/ecc-jsbn/index.js
,,,ecc-jsbn:0.1.2,,./node_modules/ecc-jsbn/index.js
,,,editor:1.0.0,,./node_modules/npm/node_modules/editor/README.markdown
,,,editorconfig:0.15.2,,./node_modules/editorconfig/bin/editorconfig
,,,ejs:0.4.3,,./node_modules/nodeunit/deps/ejs/benchmark.js
,,,ejs:0.5.0,,./node_modules/nodeunit/deps/ejs/lib/ejs.js
,,,elegant-spinner:1.0.1,,./node_modules/elegant-spinner/index.js
,,,end-of-stream:1.4.1,,./node_modules/end-of-stream/index.js
,,,entities:1.0.0,,./node_modules/entities/index.js
,,,entities:1.1.2,,./node_modules/dom-serializer/node_modules/entities/index.js
,,,error-ex:1.3.0,,./node_modules/nyc/node_modules/error-ex/index.js
,,,error-ex:1.3.2,,./node_modules/error-ex/index.js
,,,error:7.0.2,,./node_modules/error/docs.mli
,,,es5-ext:0.10.12,,./node_modules/npm/node_modules/node-gyp/node_modules/path-array/node_modules/array-index/node_modules/es6-symbol/node_modules/es5-ext/.lint
,,,es6-iterator:2.0.0,,./node_modules/npm/node_modules/node-gyp/node_modules/path-array/node_modules/array-index/node_modules/es6-symbol/node_modules/es5-ext/node_modules/es6-iterator/#/chain.js
,,,es6-symbol:3.1.0,,./node_modules/npm/node_modules/node-gyp/node_modules/path-array/node_modules/array-index/node_modules/es6-symbol/.lint
,,,escape-string-regexp:1.0.2,,./node_modules/mocha/node_modules/escape-string-regexp/index.js
,,,escape-string-regexp:1.0.5,,./node_modules/escape-string-regexp/index.js
,,,esprima:2.7.3,,./node_modules/esprima/ChangeLog
,,,esutils:2.0.2,,./node_modules/nyc/node_modules/esutils/lib/ast.js
,,,event-stream:0.2.1,,./node_modules/event-stream/test/pipe.async.js
,,,events-to-array:1.1.2,,./node_modules/events-to-array/coverage/lcov-report/base.css
,,,execa:0.10.0,sonatype-2019-0206,./node_modules/cypress/node_modules/execa/index.js
,,,execa:0.7.0,sonatype-2019-0206,./node_modules/execa/index.js
,,,executable:4.1.1,,./node_modules/executable/index.js
,,,exit-hook:1.1.1,,./node_modules/exit-hook/index.js
,,,exit:0.1.2,,./node_modules/exit/.jshintrc
,,,expand-brackets:0.1.5,,./node_modules/nyc/node_modules/expand-brackets/index.js
,,,expand-range:1.8.2,,./node_modules/nyc/node_modules/expand-range/index.js
,,,expand-tilde:2.0.2,,./node_modules/expand-tilde/index.js
,,,extend-shallow:3.0.2,,./node_modules/extend-shallow/index.js
,,,extend:3.0.0,sonatype-2018-0278,./node_modules/npm/node_modules/request/node_modules/extend/.jscs.json
,,,extend:3.0.2,,./node_modules/extend/.editorconfig
,,,extglob:0.3.2,,./node_modules/nyc/node_modules/extglob/index.js
,,,extract-zip:1.6.7,,./node_modules/extract-zip/cli.js
,,,extsprintf:1.0.2,,./node_modules/npm/node_modules/request/node_modules/http-signature/node_modules/jsprim/node_modules/extsprintf/.gitmodules
,,,extsprintf:1.3.0,,./node_modules/extsprintf/Makefile
,,,fast-deep-equal:2.0.1,,./node_modules/fast-deep-equal/index.d.ts
,,,fast-json-stable-stringify:2.0.0,,./node_modules/fast-json-stable-stringify/benchmark/index.js
,,,faye-websocket:0.10.0,,./node_modules/faye-websocket/examples/autobahn_client.js
,,,fd-slicer:1.0.1,,./node_modules/fd-slicer/index.js
,,,fd-slicer:1.1.0,,./node_modules/yauzl/node_modules/fd-slicer/index.js
,,,figures:1.7.0,,./node_modules/figures/index.js
,,,filename-regex:2.0.0,,./node_modules/nyc/node_modules/filename-regex/index.js
,,,fill-range:2.2.3,,./node_modules/nyc/node_modules/fill-range/index.js
,,,finalhandler:1.1.1,,./node_modules/finalhandler/index.js
,,,find-cache-dir:0.1.1,,./node_modules/nyc/node_modules/find-cache-dir/index.js
,,,find-up:1.1.2,,./node_modules/find-up/index.js
,,,findup-sync:0.3.0,,./node_modules/findup-sync/lib/findup-sync.js
,,,findup-sync:2.0.0,,./node_modules/liftoff/node_modules/findup-sync/index.js
,,,fined:1.1.1,,./node_modules/fined/index.js
,,,flagged-respawn:1.0.1,,./node_modules/flagged-respawn/index.js
,,,flatiron:0.1.10,,./node_modules/flatiron/scaffolds/http/app.js
,,,flatiron:0.1.15,,./node_modules/flatiron/scaffolds/cli/app.js
,,,flatiron:0.3.0,,./node_modules/flatiron/examples/resourceful-app/app/resources/creature.js
,,,for-in:0.1.5,,./node_modules/nyc/node_modules/for-in/index.js
,,,for-own:0.1.4,,./node_modules/nyc/node_modules/for-own/index.js
,,,for-own:1.0.0,,./node_modules/object.defaults/node_modules/for-own/index.js
,,,foreground-child:1.5.3,,./node_modules/nyc/node_modules/foreground-child/changelog.sh
,,,foreground-child:1.5.6,,./node_modules/foreground-child/changelog.sh
,,,forever-agent:0.5.2,,./node_modules/zaproxy/node_modules/forever-agent/index.js
,,,forever-agent:0.6.1,,./node_modules/forever-agent/index.js
,,,form-data:0.1.4,,./node_modules/zaproxy/node_modules/form-data/License
,,,form-data:1.0.1,,./node_modules/grunt-retire/node_modules/form-data/License
,,,form-data:2.0.0,,./node_modules/npm/node_modules/request/node_modules/form-data/License
,,,form-data:2.1.4,,./node_modules/form-data/License
,,,form-data:2.3.3,,./node_modules/cypress/node_modules/form-data/License
,,,fs-extra:4.0.1,,./node_modules/fs-extra/lib/copy-sync/copy-file-sync.js
,,,fs-vacuum:1.2.9,,./node_modules/npm/node_modules/fs-vacuum/.eslintrc
,,,fs-write-stream-atomic:1.0.8,,./node_modules/npm/node_modules/fs-write-stream-atomic/index.js
,,,fs.realpath:1.0.0,,./node_modules/fs.realpath/index.js
,,,fstream-ignore:1.0.5,,./node_modules/npm/node_modules/fstream-npm/node_modules/fstream-ignore/LICENSE
,,,fstream-npm:1.2.0,,./node_modules/npm/node_modules/fstream-npm/example/bundle.js
,,,fstream:1.0.10,sonatype-2019-0224,./node_modules/npm/node_modules/fstream/examples/filter-pipe.js
,,,gauge:2.6.0,,./node_modules/npm/node_modules/node-gyp/node_modules/npmlog/node_modules/gauge/base-theme.js
,,,gauge:3.0.0,,./node_modules/npm/node_modules/npmlog/node_modules/gauge/template-item.js
,,,gaze:1.1.3,,./node_modules/gaze/lib/gaze.js
,,,generate-function:2.0.0,,./node_modules/npm/node_modules/request/node_modules/har-validator/node_modules/is-my-json-valid/node_modules/generate-function/example.js
,,,generate-function:2.3.1,,./node_modules/generate-function/example.js
,,,generate-object-property:1.2.0,,./node_modules/generate-object-property/index.js
,,,get-caller-file:1.0.1,,./node_modules/nyc/node_modules/get-caller-file/fixtures/bar.js
,,,get-stdin:4.0.1,,./node_modules/get-stdin/index.js
,,,get-stream:3.0.0,,./node_modules/get-stream/buffer-stream.js
,,,getobject:0.1.0,CVE-2020-28282,./node_modules/getobject/.jshintrc
,,,getos:3.1.1,,./node_modules/getos/Dockerfile
,,,getpass:0.1.6,,./node_modules/npm/node_modules/request/node_modules/http-signature/node_modules/sshpk/node_modules/getpass/lib/index.js
,,,getpass:0.1.7,,./node_modules/getpass/lib/index.js
,,,glob-base:0.3.0,,./node_modules/nyc/node_modules/glob-base/index.js
,,,glob-parent:2.0.0,CVE-2020-28469,./node_modules/nyc/node_modules/glob-parent/index.js
,,,glob:3.2.11,,./node_modules/mocha/node_modules/glob/examples/g.js
,,,glob:5.0.15,,./node_modules/findup-sync/node_modules/glob/common.js
,,,glob:6.0.4,,./node_modules/npm/node_modules/init-package-json/node_modules/glob/common.js
,,,glob:7.0.5,,./node_modules/nyc/node_modules/glob/common.js
,,,glob:7.0.6,,./node_modules/grunt/node_modules/glob/common.js
,,,glob:7.1.0,,./node_modules/npm/node_modules/glob/common.js
,,,glob:7.1.3,,./node_modules/glob/common.js
,,,global-dirs:0.1.1,,./node_modules/global-dirs/index.js
,,,global-modules:1.0.0,,./node_modules/global-modules/index.js
,,,global-prefix:1.0.2,,./node_modules/global-prefix/index.js
,,,globals:8.18.0,,./node_modules/nyc/node_modules/globals/globals.json
,,,globule:1.2.1,,./node_modules/globule/lib/globule.js
,,,got:6.7.1,CVE-2022-33987,./node_modules/got/index.js
,,,graceful-fs:4.1.15,,./node_modules/graceful-fs/clone.js
,,,graceful-fs:4.1.4,,./node_modules/nyc/node_modules/graceful-fs/fs.js
,,,graceful-fs:4.1.9,,./node_modules/npm/node_modules/graceful-fs/fs.js
,,,graceful-readlink:1.0.1,,./node_modules/npm/node_modules/request/node_modules/har-validator/node_modules/commander/node_modules/graceful-readlink/index.js
,,,growl:1.9.2,sonatype-2017-0223,./node_modules/growl/lib/growl.js
,,,grunt-cli:1.2.0,,./node_modules/grunt/node_modules/grunt-cli/bin/grunt
,,,grunt-cli:1.3.2,,./node_modules/grunt-cli/bin/grunt
,,,grunt-concurrent:2.3.1,,./node_modules/grunt-concurrent/license
,,,grunt-contrib-clean:1.1.0,,./node_modules/grunt-contrib-clean/package.json
,,,grunt-contrib-jshint:1.1.0,,./node_modules/grunt-contrib-jshint/package.json
,,,grunt-contrib-nodeunit:1.0.0,,./node_modules/grunt-contrib-nodeunit/package.json
,,,grunt-contrib-watch:1.1.0,,./node_modules/grunt-contrib-watch/package.json
,,,grunt-env:1.0.1,,./node_modules/grunt-env/Gruntfile.js
,,,grunt-if:0.1.5,,./node_modules/grunt-if/Gruntfile.js
,,,grunt-jsbeautifier:0.2.13,,./node_modules/grunt-jsbeautifier/.jshintrc
,,,grunt-known-options:1.1.1,,./node_modules/grunt-known-options/index.js
,,,grunt-legacy-log-utils:2.0.1,,./node_modules/grunt-legacy-log-utils/index.js
,,,grunt-legacy-log:2.0.0,,./node_modules/grunt-legacy-log/.jshintrc
,,,grunt-legacy-util:1.1.1,,./node_modules/grunt-legacy-util/.jshintrc
,,,grunt-mocha-test:0.12.7,,./node_modules/grunt-mocha-test/package.json
,,,grunt-npm-install:0.3.1,,./node_modules/grunt-npm-install/.jshintrc
,,,grunt-retire:0.3.12,"CVE-2011-4969, CVE-2019-11358, CVE-2020-11023, CVE-2020-7656, sonatype-2012-0009, CVE-2012-6708, sonatype-2014-0026, sonatype-2020-0187, CVE-2020-11022",./node_modules/grunt-retire/.jshintrc
,,,grunt:1.0.3,"CVE-2022-0436, CVE-2022-1537, sonatype-2020-0768, CVE-2020-7729",./node_modules/grunt/bin/grunt
,,,handlebars:4.0.5,"sonatype-2019-0496, sonatype-2020-0293, sonatype-2019-0462, sonatype-2019-0058, sonatype-2019-0253, sonatype-2019-0394, CVE-2019-19919, sonatype-2021-0449, sonatype-2021-0236, CVE-2021-23369",./node_modules/nyc/node_modules/handlebars/.gitmodules
,,,har-schema:2.0.0,,./node_modules/har-schema/lib/afterRequest.json
,,,har-validator:2.0.6,,./node_modules/har-validator/bin/har-validator
,,,har-validator:5.1.3,,./node_modules/cypress/node_modules/har-validator/lib/async.js
,,,has-ansi:2.0.0,,./node_modules/has-ansi/index.js
,,,has-color:0.1.7,,./node_modules/npm/node_modules/node-gyp/node_modules/npmlog/node_modules/gauge/node_modules/has-color/index.js
,,,has-flag:1.0.0,,./node_modules/nyc/node_modules/has-flag/index.js
,,,has-flag:3.0.0,,./node_modules/has-flag/index.js
,,,has-unicode:2.0.1,,./node_modules/npm/node_modules/has-unicode/index.js
,,,has-value:1.0.0,,./node_modules/has-value/index.js
,,,has-values:1.0.0,,./node_modules/has-values/index.js
,,,hawk:1.0.0,"sonatype-2016-0009, CVE-2016-2515, CVE-2022-29167",./node_modules/zaproxy/node_modules/hawk/Makefile
,,,hawk:3.1.3,CVE-2022-29167,./node_modules/hawk/bower.json
,,,hoek:0.9.1,"CVE-2018-3728, sonatype-2020-0074",./node_modules/zaproxy/node_modules/hoek/Makefile
,,,hoek:2.16.3,"CVE-2018-3728, sonatype-2020-0074",./node_modules/hoek/images/hoek.png
,,,homedir-polyfill:1.0.1,,./node_modules/homedir-polyfill/index.js
,,,hooker:0.2.3,,./node_modules/hooker/child.js
,,,hosted-git-info:2.1.5,,./node_modules/npm/node_modules/hosted-git-info/git-host-info.js
,,,hosted-git-info:2.7.1,CVE-2021-23362,./node_modules/hosted-git-info/git-host-info.js
,,,html5shiv:3.7.3,,./app/assets/vendor/html5shiv.js
,,,htmlparser2:3.8.3,,./node_modules/htmlparser2/.gitattributes
,,,http-errors:1.6.3,,./node_modules/http-errors/index.js
,,,http-parser-js:0.5.0,,./node_modules/http-parser-js/http-parser.js
,,,http-signature:0.10.1,sonatype-2015-0141,./node_modules/zaproxy/node_modules/http-signature/.dir-locals.el
,,,http-signature:1.1.1,,./node_modules/http-signature/.dir-locals.el
,,,http-signature:1.2.0,,./node_modules/cypress/node_modules/http-signature/.dir-locals.el
,,,iferr:0.1.5,,./node_modules/npm/node_modules/iferr/index.coffee
,,,ignore-by-default:1.0.1,,./node_modules/ignore-by-default/LICENSE
,,,import-lazy:2.1.0,,./node_modules/import-lazy/index.js
,,,imurmurhash:0.1.4,,./node_modules/imurmurhash/imurmurhash.js
,,,indent-string:2.1.0,,./node_modules/indent-string/index.js
,,,indent-string:3.2.0,,./node_modules/listr-update-renderer/node_modules/indent-string/index.js
,,,inflight:1.0.5,,./node_modules/npm/node_modules/inflight/inflight.js
,,,inflight:1.0.6,,./node_modules/inflight/inflight.js
,,,inherits:2.0.1,,./node_modules/nyc/node_modules/inherits/inherits.js
,,,inherits:2.0.3,,./node_modules/inherits/inherits.js
,,,ini:1.3.4,sonatype-2020-1214,./node_modules/npm/node_modules/ini/ini.js
,,,init-package-json:1.9.4,,./node_modules/npm/node_modules/init-package-json/default-input.js
,,,interpret:1.1.0,,./node_modules/interpret/index.js
,,,invariant:2.2.1,,./node_modules/nyc/node_modules/invariant/browser.js
,,,is-absolute:1.0.0,,./node_modules/is-absolute/index.js
,,,is-accessor-descriptor:1.0.0,,./node_modules/base/node_modules/is-accessor-descriptor/index.js
,,,is-arrayish:0.2.1,,./node_modules/is-arrayish/.editorconfig
,,,is-buffer:1.1.3,,./node_modules/nyc/node_modules/is-buffer/index.js
,,,is-builtin-module:1.0.0,,./node_modules/is-builtin-module/index.js
,,,is-ci:1.2.1,,./node_modules/is-ci/bin.js
,,,is-data-descriptor:1.0.0,,./node_modules/base/node_modules/is-data-descriptor/index.js
,,,is-descriptor:1.0.2,,./node_modules/base/node_modules/is-descriptor/index.js
,,,is-dotfile:1.0.2,,./node_modules/nyc/node_modules/is-dotfile/index.js
,,,is-equal-shallow:0.1.3,,./node_modules/nyc/node_modules/is-equal-shallow/index.js
,,,is-extendable:1.0.1,,./node_modules/extend-shallow/node_modules/is-extendable/index.d.ts
,,,is-extglob:1.0.0,,./node_modules/nyc/node_modules/is-extglob/index.js
,,,is-finite:1.0.1,,./node_modules/nyc/node_modules/is-finite/index.js
,,,is-finite:1.0.2,,./node_modules/is-finite/index.js
,,,is-fullwidth-code-point:2.0.0,,./node_modules/ansi-align/node_modules/is-fullwidth-code-point/index.js
,,,is-glob:2.0.1,,./node_modules/nyc/node_modules/is-glob/index.js
,,,is-glob:4.0.1,,./node_modules/is-glob/index.js
,,,is-installed-globally:0.1.0,,./node_modules/is-installed-globally/index.js
,,,is-my-ip-valid:1.0.0,,./node_modules/is-my-ip-valid/fixtures/invalid-ipv4-addresses.json
,,,is-my-json-valid:2.15.0,"sonatype-2020-0683, sonatype-2018-0310, sonatype-2020-0586, sonatype-2020-1659",./node_modules/npm/node_modules/request/node_modules/har-validator/node_modules/is-my-json-valid/example.js
,,,is-my-json-valid:2.19.0,"sonatype-2020-0586, sonatype-2020-1659, sonatype-2020-0683",./node_modules/is-my-json-valid/example.js
,,,is-npm:1.0.0,,./node_modules/is-npm/index.js
,,,is-number:2.1.0,,./node_modules/nyc/node_modules/is-number/index.js
,,,is-obj:1.0.1,,./node_modules/is-obj/index.js
,,,is-path-inside:1.0.1,,./node_modules/is-path-inside/index.js
,,,is-posix-bracket:0.1.1,,./node_modules/nyc/node_modules/is-posix-bracket/index.js
,,,is-primitive:2.0.0,,./node_modules/nyc/node_modules/is-primitive/index.js
,,,is-promise:2.1.0,,./node_modules/is-promise/index.js
,,,is-property:1.0.2,,./node_modules/is-property/is-property.js
,,,is-redirect:1.0.0,,./node_modules/is-redirect/index.js
,,,is-relative:1.0.0,,./node_modules/is-relative/index.js
,,,is-retry-allowed:1.1.0,,./node_modules/is-retry-allowed/index.js
,,,is-stream:1.1.0,,./node_modules/is-stream/index.js
,,,is-typedarray:1.0.0,,./node_modules/is-typedarray/index.js
,,,is-unc-path:1.0.0,,./node_modules/is-unc-path/index.js
,,,is-utf8:0.2.1,,./node_modules/is-utf8/is-utf8.js
,,,isarray:0.0.1,,./node_modules/htmlparser2/node_modules/isarray/build/build.js
,,,isarray:2.0.5,,./node_modules/deep-equal/node_modules/isarray/index.js
,,,isexe:1.1.2,,./node_modules/npm/node_modules/which/node_modules/isexe/access.js
,,,isexe:2.0.0,,./node_modules/isexe/index.js
,,,isobject:3.0.1,,./node_modules/base/node_modules/isobject/index.d.ts
,,,istanbul-lib-coverage:1.0.0-alpha.4,,./node_modules/nyc/node_modules/istanbul-lib-coverage/docs/assets/anchor.js
,,,istanbul-lib-hook:1.0.0-alpha.4,,./node_modules/nyc/node_modules/istanbul-lib-hook/docs/assets/anchor.js
,,,istanbul-lib-instrument:1.1.0-alpha.4,,./node_modules/nyc/node_modules/istanbul-lib-instrument/dist/index.js
,,,istanbul-lib-report:1.0.0-alpha.3,,./node_modules/nyc/node_modules/istanbul-lib-report/docs/assets/anchor.js
,,,istanbul-lib-source-maps:1.0.0-alpha.10,,./node_modules/nyc/node_modules/istanbul-lib-source-maps/docs/assets/anchor.js
,,,istanbul-reports:1.0.0-alpha.8,,./node_modules/nyc/node_modules/istanbul-reports/index.js
,,,jade:0.26.3,,./node_modules/jade/bin/jade
,,,jju:1.3.0,,./node_modules/npm/node_modules/read-package-json/node_modules/json-parse-helpfulerror/node_modules/jju/index.js
,,,jodid25519:1.0.2,,./node_modules/npm/node_modules/request/node_modules/http-signature/node_modules/sshpk/node_modules/jodid25519/almond.0
,,,js-beautify:1.8.9,sonatype-2021-4284,./node_modules/js-beautify/js/bin/css-beautify.js
,,,js-tokens:1.0.3,,./node_modules/nyc/node_modules/loose-envify/node_modules/js-tokens/index.js
,,,js-tokens:2.0.0,,./node_modules/nyc/node_modules/js-tokens/index.js
,,,js-yaml:3.5.5,"sonatype-2019-0110, sonatype-2019-0120",./node_modules/js-yaml/bin/js-yaml.js
,,,js-yaml:3.6.1,"sonatype-2019-0110, sonatype-2019-0120",./node_modules/coveralls/node_modules/js-yaml/bin/js-yaml.js
,,,jsbn:0.1.0,,./node_modules/npm/node_modules/request/node_modules/http-signature/node_modules/sshpk/node_modules/jsbn/example.html
,,,jsbn:0.1.1,,./node_modules/jsbn/example.html
,,,jshint:2.9.7,sonatype-2020-0849,./node_modules/jshint/bin/apply
,,,json-parse-better-errors:1.0.2,,./node_modules/json-parse-better-errors/index.js
,,,json-parse-helpfulerror:1.0.3,,./node_modules/npm/node_modules/read-package-json/node_modules/json-parse-helpfulerror/.editorconfig
,,,json-schema-traverse:0.4.1,,./node_modules/json-schema-traverse/index.js
,,,json-schema:0.2.3,CVE-2021-3918,./node_modules/json-schema/draft-00/hyper-schema
,,,json-stringify-safe:5.0.1,,./node_modules/json-stringify-safe/Makefile
,,,jsonfile:3.0.1,,./node_modules/jsonfile/index.js
,,,jsonify:0.0.0,,./node_modules/jsonify/README.markdown
,,,jsonpointer:4.0.0,sonatype-2020-0736,./node_modules/npm/node_modules/request/node_modules/har-validator/node_modules/is-my-json-valid/node_modules/jsonpointer/benchmark.js
,,,jsonpointer:4.0.1,sonatype-2020-0736,./node_modules/jsonpointer/jsonpointer.js
,,,jsprim:1.3.1,,./node_modules/npm/node_modules/request/node_modules/http-signature/node_modules/jsprim/lib/jsprim.js
,,,jsprim:1.4.1,,./node_modules/jsprim/lib/jsprim.js
,,,kind-of:3.0.3,,./node_modules/nyc/node_modules/kind-of/index.js
,,,kind-of:4.0.0,,./node_modules/has-values/node_modules/kind-of/index.js
,,,kind-of:5.1.0,,./node_modules/is-descriptor/node_modules/kind-of/index.js
,,,latest-version:3.1.0,,./node_modules/latest-version/index.js
,,,lazy-ass:1.6.0,,./node_modules/lazy-ass/bower.json
,,,lazy-cache:1.0.4,,./node_modules/nyc/node_modules/lazy-cache/index.js
,,,lcov-parse:0.0.10,,./node_modules/lcov-parse/coverage/coverage.json
,,,liftoff:2.5.0,,./node_modules/liftoff/index.js
,,,listr-silent-renderer:1.1.1,,./node_modules/listr-silent-renderer/index.js
,,,listr-update-renderer:0.2.0,,./node_modules/listr-update-renderer/index.js
,,,listr-verbose-renderer:0.4.1,,./node_modules/listr-verbose-renderer/index.js
,,,listr:0.12.0,,./node_modules/listr/index.js
,,,livereload-js:2.4.0,,./node_modules/livereload-js/dist/livereload.js
,,,load-json-file:1.1.0,,./node_modules/load-json-file/index.js
,,,lockfile:1.0.2,,./node_modules/npm/node_modules/lockfile/gen-changelog.sh
,,,lodash._baseindexof:3.1.0,,./node_modules/npm/node_modules/lodash._baseindexof/index.js
,,,lodash._baseuniq:4.6.0,,./node_modules/npm/node_modules/lodash._baseuniq/index.js
,,,lodash._bindcallback:3.0.1,,./node_modules/npm/node_modules/lodash._bindcallback/index.js
,,,lodash._cacheindexof:3.0.2,,./node_modules/npm/node_modules/lodash._cacheindexof/index.js
,,,lodash._createcache:3.1.2,,./node_modules/npm/node_modules/lodash._createcache/index.js
,,,lodash._createset:4.0.3,,./node_modules/npm/node_modules/lodash._baseuniq/node_modules/lodash._createset/index.js
,,,lodash._getnative:3.9.1,,./node_modules/npm/node_modules/lodash._getnative/index.js
,,,lodash._root:3.0.1,,./node_modules/npm/node_modules/lodash._baseuniq/node_modules/lodash._root/index.js
,,,lodash.assign:4.0.9,,./node_modules/nyc/node_modules/lodash.assign/index.js
,,,lodash.clonedeep:4.5.0,,./node_modules/npm/node_modules/lodash.clonedeep/index.js
,,,lodash.keys:4.0.7,,./node_modules/nyc/node_modules/lodash.keys/index.js
,,,lodash.once:4.1.1,,./node_modules/lodash.once/index.js
,,,lodash.rest:4.0.3,,./node_modules/nyc/node_modules/lodash.rest/index.js
,,,lodash.restparam:3.6.1,,./node_modules/npm/node_modules/lodash.restparam/index.js
,,,lodash.union:4.6.0,,./node_modules/npm/node_modules/lodash.union/index.js
,,,lodash.uniq:4.5.0,,./node_modules/npm/node_modules/lodash.uniq/index.js
,,,lodash.without:4.4.0,,./node_modules/npm/node_modules/lodash.without/index.js
,,,lodash:2.4.2,"CVE-2018-3721, CVE-2021-23337, sonatype-2019-0500",./node_modules/zaproxy/node_modules/lodash/dist/lodash.compat.js
,,,lodash:4.13.1,"CVE-2020-28500, CVE-2018-3721, sonatype-2017-0580, sonatype-2020-0739, CVE-2021-23337, sonatype-2019-0500, sonatype-2020-0292, CVE-2020-8203",./node_modules/nyc/node_modules/lodash/_DataView.js
,,,lodash:4.17.11,"CVE-2020-28500, CVE-2021-23337, sonatype-2019-0500, CVE-2019-10744, sonatype-2020-0292, CVE-2020-8203, sonatype-2020-0739",./node_modules/lodash/_DataView.js
,,,lodash:4.17.20,"CVE-2020-28500, CVE-2021-23337",./node_modules/grunt-env/node_modules/lodash/_DataView.js
,,,log-driver:1.2.5,,./node_modules/log-driver/Makefile
,,,log-symbols:1.0.2,,./node_modules/listr-update-renderer/node_modules/log-symbols/index.js
,,,log-symbols:2.2.0,,./node_modules/log-symbols/browser.js
,,,log-update:1.0.2,,./node_modules/log-update/index.js
,,,longest:1.0.1,,./node_modules/nyc/node_modules/longest/index.js
,,,loose-envify:1.2.0,,./node_modules/nyc/node_modules/loose-envify/cli.js
,,,loud-rejection:1.6.0,,./node_modules/loud-rejection/api.js
,,,lowercase-keys:1.0.1,,./node_modules/lowercase-keys/index.js
,,,lru-cache:2.7.3,,./node_modules/mocha/node_modules/lru-cache/CONTRIBUTORS
,,,lru-cache:4.0.1,,./node_modules/nyc/node_modules/lru-cache/lib/lru-cache.js
,,,lru-cache:4.1.5,,./node_modules/lru-cache/index.js
,,,make-dir:1.3.0,,./node_modules/make-dir/index.js
,,,make-iterator:1.0.1,,./node_modules/make-iterator/index.js
,,,map-obj:1.0.1,,./node_modules/map-obj/index.js
,,,md5-hex:1.3.0,,./node_modules/nyc/node_modules/md5-hex/browser.js
,,,md5-o-matic:0.1.1,,./node_modules/nyc/node_modules/md5-o-matic/lib/md5omatic.js
,,,meow:3.7.0,,./node_modules/meow/index.js
,,,micromatch:2.3.11,,./node_modules/nyc/node_modules/micromatch/index.js
,,,mime-db:1.24.0,,./node_modules/npm/node_modules/request/node_modules/mime-types/node_modules/mime-db/db.json
,,,mime-types:2.1.12,,./node_modules/npm/node_modules/request/node_modules/mime-types/index.js
,,,mime:1.2.11,"sonatype-2017-0487, CVE-2017-16138",./node_modules/zaproxy/node_modules/mime/mime.js
,,,minimatch:0.3.0,"sonatype-2016-0034, sonatype-2021-4879",./node_modules/mocha/node_modules/minimatch/minimatch.js
,,,minimatch:3.0.2,sonatype-2021-4879,./node_modules/nyc/node_modules/minimatch/minimatch.js
,,,minimatch:3.0.3,sonatype-2021-4879,./node_modules/npm/node_modules/glob/node_modules/minimatch/minimatch.js
,,,minimatch:3.0.4,sonatype-2021-4879,./node_modules/minimatch/minimatch.js
,,,minimist:0.0.8,CVE-2020-7598,./node_modules/mkdirp/node_modules/minimist/example/parse.js
,,,minimist:1.2.0,CVE-2020-7598,./node_modules/coveralls/node_modules/minimist/example/parse.js
,,,minimist:1.2.5,CVE-2021-44906,./node_modules/prettyjson/node_modules/minimist/example/parse.js
,,,mkdirp:0.3.0,,./node_modules/jade/node_modules/mkdirp/README.markdown
,,,mocha:2.5.3,"sonatype-2019-0159, sonatype-2021-1683, sonatype-2021-4946",./node_modules/mocha/bin/.eslintrc
,,,moment:2.24.0,"CVE-2022-24785, CVE-2022-31129",./node_modules/moment/ender.js
,,,ms:2.0.0,,./node_modules/ms/index.js
,,,ms:2.1.1,,./node_modules/serve-favicon/node_modules/ms/index.js
,,,ms:2.1.2,,./node_modules/@cypress/xvfb/node_modules/ms/index.js
,,,mute-stream:0.0.5,,./node_modules/npm/node_modules/read/node_modules/mute-stream/mute.js
,,,mute-stream:0.0.8,,./node_modules/mute-stream/mute.js
,,,nconf:0.6.9,CVE-2022-21803,./node_modules/broadway/node_modules/nconf/docs/docco.css
,,,ncp:1.0.1,,./node_modules/utile/node_modules/ncp/bin/ncp
,,,nice-try:1.0.5,,./node_modules/nice-try/package.json
,,,node-eta:0.1.1,,./node_modules/node-eta/index.js
,,,node-gyp:3.4.0,,./node_modules/npm/node_modules/node-gyp/lib/configure.js
,,,node-uuid:1.4.7,,./node_modules/npm/node_modules/request/node_modules/node-uuid/benchmark/bench.gnu
,,,node-uuid:1.4.8,,./node_modules/grunt-retire/node_modules/node-uuid/benchmark/bench.gnu
,,,nodemon:1.19.1,,./node_modules/nodemon/.jscsrc
,,,nodeunit:0.9.5,,./node_modules/nodeunit/Makefile
,,,nopt:1.0.10,,./node_modules/touch/node_modules/nopt/bin/nopt.js
,,,nopt:3.0.6,,./node_modules/grunt/node_modules/nopt/bin/nopt.js
,,,nopt:4.0.1,,./node_modules/nopt/bin/nopt.js
,,,normalize-git-url:3.0.2,,./node_modules/npm/node_modules/normalize-git-url/normalize-git-url.js
,,,normalize-package-data:2.3.5,,./node_modules/npm/node_modules/normalize-package-data/AUTHORS
,,,normalize-package-data:2.4.0,,./node_modules/normalize-package-data/AUTHORS
,,,normalize-path:2.0.1,,./node_modules/nyc/node_modules/normalize-path/index.js
,,,normalize-path:3.0.0,,./node_modules/normalize-path/index.js
,,,npm-cache-filename:1.0.2,,./node_modules/npm/node_modules/npm-cache-filename/index.js
,,,npm-install-checks:3.0.0,,./node_modules/npm/node_modules/npm-install-checks/index.js
,,,npm-package-arg:4.2.0,,./node_modules/npm/node_modules/npm-package-arg/npa.js
,,,npm-registry-client:7.2.1,CVE-2021-23358,./node_modules/npm/node_modules/npm-registry-client/index.js
,,,npm-run-path:2.0.2,,./node_modules/npm-run-path/index.js
,,,npm-user-validate:0.1.5,sonatype-2020-1018,./node_modules/npm/node_modules/npm-user-validate/npm-user-validate.js
,,,npm:3.10.10,"CVE-2020-15095, sonatype-2018-0150, CVE-2019-16775, CVE-2019-16776, CVE-2019-16777",./node_modules/npm/.mailmap
,,,npmlog:3.1.2,,./node_modules/npm/node_modules/node-gyp/node_modules/npmlog/log.js
,,,npmlog:4.0.0,,./node_modules/npm/node_modules/npmlog/log.js
,,,number-is-nan:1.0.0,,./node_modules/npm/node_modules/node-gyp/node_modules/npmlog/node_modules/gauge/node_modules/string-width/node_modules/code-point-at/node_modules/number-is-nan/index.js
,,,nyc:7.1.0,,./node_modules/nyc/bin/nyc.js
,,,oauth-sign:0.3.0,,./node_modules/zaproxy/node_modules/oauth-sign/index.js
,,,oauth-sign:0.8.2,,./node_modules/npm/node_modules/request/node_modules/oauth-sign/index.js
,,,oauth-sign:0.9.0,,./node_modules/cypress/node_modules/oauth-sign/index.js
,,,object-assign:4.1.0,,./node_modules/npm/node_modules/node-gyp/node_modules/npmlog/node_modules/gauge/node_modules/object-assign/index.js
,,,object.defaults:1.1.0,,./node_modules/object.defaults/immutable.js
,,,object.map:1.0.1,,./node_modules/object.map/index.js
,,,object.omit:2.0.0,,./node_modules/nyc/node_modules/object.omit/index.js
,,,once:1.3.3,,./node_modules/nyc/node_modules/once/once.js
,,,once:1.4.0,,./node_modules/npm/node_modules/once/once.js
,,,onetime:1.1.0,,./node_modules/onetime/index.js
,,,only-shallow:1.2.0,,./node_modules/only-shallow/index.js
,,,opener:1.4.2,sonatype-2020-0887,./node_modules/npm/node_modules/opener/opener.js
,,,opener:1.5.1,sonatype-2020-0887,./node_modules/opener/bin/opener-bin.js
,,,optimist:0.2.8,,./node_modules/event-stream/node_modules/optimist/README.markdown
,,,optimist:0.6.0,,./node_modules/broadway/node_modules/optimist/example/bool.js
,,,optimist:0.6.1,,./node_modules/nyc/node_modules/optimist/example/bool.js
,,,options:0.0.6,,./node_modules/options/Makefile
,,,ora:0.2.3,,./node_modules/ora/index.js
,,,org.webjars:jquery:1.10.2,"CVE-2019-11358, CVE-2020-11023, sonatype-2014-0026, sonatype-2020-0187, CVE-2020-11022",./app/assets/vendor/jquery.min.js
,,,org.webjars:morrisjs:0.4.3,,./app/assets/vendor/chart/morris-0.4.3.min.js
,,,os-homedir:1.0.1,,./node_modules/npm/node_modules/osenv/node_modules/os-homedir/index.js
,,,os-tmpdir:1.0.1,,./node_modules/npm/node_modules/osenv/node_modules/os-tmpdir/index.js
,,,osenv:0.1.3,,./node_modules/npm/node_modules/osenv/osenv.js
,,,osenv:0.1.5,,./node_modules/osenv/osenv.js
,,,p-finally:1.0.0,,./node_modules/p-finally/index.js
,,,p-map:1.2.0,,./node_modules/p-map/index.js
,,,package-json:4.0.1,,./node_modules/package-json/index.js
,,,pad-stream:1.2.0,,./node_modules/pad-stream/cli.js
,,,parse-filepath:1.0.2,,./node_modules/parse-filepath/index.js
,,,parse-glob:3.0.4,,./node_modules/nyc/node_modules/parse-glob/index.js
,,,parse-json:2.2.0,,./node_modules/nyc/node_modules/parse-json/index.js
,,,parse-passwd:1.0.0,,./node_modules/parse-passwd/index.js
,,,path-array:1.0.1,,./node_modules/npm/node_modules/node-gyp/node_modules/path-array/index.js
,,,path-exists:2.1.0,,./node_modules/nyc/node_modules/path-exists/index.js
,,,path-is-absolute:1.0.0,,./node_modules/npm/node_modules/init-package-json/node_modules/glob/node_modules/path-is-absolute/index.js
,,,path-is-absolute:2.0.0,,./node_modules/forever/node_modules/path-is-absolute/index.js
,,,path-is-inside:1.0.2,,./node_modules/npm/node_modules/path-is-inside/lib/path-is-inside.js
,,,path-key:2.0.1,,./node_modules/path-key/index.js
,,,path-key:3.1.1,,./node_modules/cross-env/node_modules/path-key/index.d.ts
,,,path-parse:1.0.5,"sonatype-2021-0176, CVE-2021-23343",./node_modules/nyc/node_modules/path-parse/index.js
,,,path-root-regex:0.1.2,,./node_modules/path-root-regex/index.js
,,,path-root:0.1.1,,./node_modules/path-root/index.js
,,,path-type:1.1.0,,./node_modules/nyc/node_modules/path-type/index.js
,,,pend:1.2.0,,./node_modules/pend/index.js
,,,performance-now:2.1.0,,./node_modules/performance-now/.tm_properties
,,,pify:2.3.0,,./node_modules/nyc/node_modules/pify/index.js
,,,pify:3.0.0,,./node_modules/make-dir/node_modules/pify/index.js
,,,pinkie-promise:2.0.1,,./node_modules/npm/node_modules/request/node_modules/har-validator/node_modules/pinkie-promise/index.js
,,,pinkie:2.0.4,,./node_modules/npm/node_modules/request/node_modules/har-validator/node_modules/pinkie-promise/node_modules/pinkie/index.js
,,,pkg-dir:1.0.0,,./node_modules/nyc/node_modules/pkg-dir/index.js
,,,pkg-up:1.0.0,,./node_modules/nyc/node_modules/pkg-up/index.js
,,,pkginfo:0.3.0,,./node_modules/pkginfo/examples/all-properties.js
,,,prepend-http:1.0.4,,./node_modules/prepend-http/index.js
,,,preserve:0.2.0,,./node_modules/nyc/node_modules/preserve/.gitattributes
,,,process-nextick-args:2.0.0,,./node_modules/process-nextick-args/index.js
,,,promzard:0.1.4,,./node_modules/npm/node_modules/init-package-json/node_modules/promzard/example/npm-init/init-input.js
,,,promzard:0.3.0,,./node_modules/npm/node_modules/init-package-json/node_modules/promzard/example/buffer.js
,,,proto-list:1.2.4,,./node_modules/npm/node_modules/config-chain/node_modules/proto-list/proto-list.js
,,,pseudomap:1.0.2,,./node_modules/nyc/node_modules/pseudomap/map.js
,,,psl:1.1.32,,./node_modules/psl/.eslintrc
,,,pstree.remy:1.1.7,,./node_modules/pstree.remy/lib/index.js
,,,pump:2.0.1,,./node_modules/pump/index.js
,,,pumpify:1.5.1,,./node_modules/pumpify/index.js
,,,punycode:1.3.2,,./node_modules/url/node_modules/punycode/package.json
,,,punycode:1.4.1,,./node_modules/punycode/package.json
,,,punycode:2.1.1,,./node_modules/uri-js/node_modules/punycode/package.json
,,,q:1.5.1,,./node_modules/q/package.json
,,,qs:0.6.6,"CVE-2014-7191, sonatype-2014-0002, CVE-2014-10064",./node_modules/zaproxy/node_modules/qs/.gitmodules
,,,qs:5.2.1,"CVE-2017-1000048, CVE-2022-24999, sonatype-2017-0016",./node_modules/grunt-retire/node_modules/qs/bower.json
,,,qs:6.2.1,"CVE-2017-1000048, CVE-2022-24999, sonatype-2017-0016",./node_modules/npm/node_modules/request/node_modules/qs/dist/qs.js
,,,qs:6.3.2,CVE-2022-24999,./node_modules/request/node_modules/qs/.eslintrc
,,,qs:6.5.2,CVE-2022-24999,./node_modules/qs/.editorconfig
,,,querystring:0.2.0,,./node_modules/querystring/.package.json.un~
,,,ramda:0.24.1,sonatype-2021-1736,./node_modules/ramda/dist/ramda.js
,,,randomatic:1.1.5,,./node_modules/nyc/node_modules/randomatic/index.js
,,,raphael:2.1.4,,./app/assets/vendor/chart/raphael-min.js
,,,raw-body:1.1.7,,./node_modules/body/node_modules/raw-body/index.js
,,,read-cmd-shim:1.0.1,,./node_modules/npm/node_modules/read-cmd-shim/index.js
,,,read-installed:4.0.3,,./node_modules/npm/node_modules/read-installed/read-installed.js
,,,read-package-json:2.0.13,"CVE-2019-16775, CVE-2019-16776",./node_modules/read-package-json/package.json
,,,read-package-json:2.0.4,"CVE-2019-16775, CVE-2019-16776",./node_modules/npm/node_modules/read-package-json/read-json.js
,,,read-package-tree:5.1.5,,./node_modules/npm/node_modules/read-package-tree/rpt.js
,,,read-pkg-up:1.0.1,,./node_modules/nyc/node_modules/read-pkg-up/index.js
,,,read-pkg:1.1.0,,./node_modules/nyc/node_modules/read-pkg/index.js
,,,read:1.0.7,,./node_modules/npm/node_modules/read/lib/read.js
,,,readable-stream:1.1.14,,./node_modules/htmlparser2/node_modules/readable-stream/duplex.js
,,,readable-stream:2.0.6,,./node_modules/bl/node_modules/readable-stream/doc/stream.markdown
,,,readable-stream:2.1.5,,./node_modules/npm/node_modules/readable-stream/duplex.js
,,,readable-stream:2.3.6,,./node_modules/readable-stream/duplex-browser.js
,,,readdir-scoped-modules:1.0.2,,./node_modules/npm/node_modules/readdir-scoped-modules/readdir.js
,,,realize-package-specifier:3.0.2,,./node_modules/npm/node_modules/realize-package-specifier/index.js
,,,realize-package-specifier:3.0.3,,./node_modules/npm/node_modules/realize-package-specifier/test/basic.js
,,,rechoir:0.6.2,,./node_modules/rechoir/index.js
,,,redent:1.0.0,,./node_modules/redent/index.js
,,,regenerator-runtime:0.9.5,,./node_modules/nyc/node_modules/regenerator-runtime/path.js
,,,regex-cache:0.4.3,,./node_modules/nyc/node_modules/regex-cache/index.js
,,,registry-auth-token:3.4.0,,./node_modules/registry-auth-token/base64.js
,,,registry-url:3.1.0,,./node_modules/registry-url/index.js
,,,remove-trailing-separator:1.1.0,,./node_modules/remove-trailing-separator/index.js
,,,repeat-element:1.1.2,,./node_modules/nyc/node_modules/repeat-element/index.js
,,,repeat-string:1.5.4,,./node_modules/nyc/node_modules/repeat-string/index.js
,,,repeating:1.1.3,,./node_modules/nyc/node_modules/repeating/cli.js
,,,repeating:2.0.1,,./node_modules/repeating/index.js
,,,request-progress:0.4.0,,./node_modules/request-progress/.editorconfig
,,,request:2.36.0,sonatype-2016-0076,./node_modules/zaproxy/node_modules/request/index.js
,,,request:2.67.0,"sonatype-2017-0655, sonatype-2016-0076",./node_modules/grunt-retire/node_modules/request/.eslintrc
,,,request:2.75.0,sonatype-2017-0655,./node_modules/npm/node_modules/request/.eslintrc
,,,request:2.79.0,sonatype-2017-0655,./node_modules/request/index.js
,,,request:2.88.0,"sonatype-2021-0749, sonatype-2017-0655",./node_modules/cypress/node_modules/request/index.js
,,,require-directory:2.1.1,,./node_modules/nyc/node_modules/require-directory/.jshintrc
,,,require-main-filename:1.0.1,,./node_modules/nyc/node_modules/require-main-filename/index.js
,,,resolve-dir:1.0.1,,./node_modules/resolve-dir/index.js
,,,resolve:1.1.7,,./node_modules/resolve/example/async.js
,,,restore-cursor:1.0.1,,./node_modules/restore-cursor/index.js
,,,retire:1.1.6,,./node_modules/retire/bin/retire
,,,retry:0.10.0,,./node_modules/npm/node_modules/npm-registry-client/node_modules/retry/License
,,,right-align:0.1.3,,./node_modules/nyc/node_modules/right-align/index.js
,,,rimraf:2.5.4,,./node_modules/npm/node_modules/rimraf/bin.js
,,,rimraf:2.6.3,,./node_modules/rimraf/bin.js
,,,rxjs:5.5.12,,./node_modules/rxjs/AsyncSubject.d.ts
,,,safe-buffer:5.1.2,,./node_modules/safe-buffer/index.d.ts
,,,safe-json-parse:1.0.1,,./node_modules/safe-json-parse/.testem.json
,,,sax:0.6.1,,./node_modules/xml2js/node_modules/sax/AUTHORS
,,,sax:1.2.4,,./node_modules/sax/lib/sax.js
,,,selenium-webdriver:2.53.3,"CVE-2011-4969, CVE-2019-11358, CVE-2020-11023, CVE-2020-7656, sonatype-2014-0026, CVE-2010-5312, CVE-2021-41182, CVE-2021-41183, CVE-2021-41184, sonatype-2012-0144, sonatype-2016-0108, sonatype-2020-1612",./node_modules/selenium-webdriver/NOTICE
,,,semver-diff:2.1.0,,./node_modules/semver-diff/index.js
,,,semver:5.3.0,,./node_modules/npm/node_modules/semver/bin/semver
,,,semver:5.6.0,,./node_modules/semver/bin/semver
,,,set-blocking:2.0.0,,./node_modules/npm/node_modules/node-gyp/node_modules/npmlog/node_modules/set-blocking/index.js
,,,set-value:2.0.0,CVE-2019-10747,./node_modules/set-value/index.js
,,,setprototypeof:1.0.2,,./node_modules/csurf/node_modules/setprototypeof/index.js
,,,setprototypeof:1.1.0,,./node_modules/setprototypeof/index.d.ts
,,,sha:2.0.1,,./node_modules/npm/node_modules/sha/index.js
,,,shebang-command:1.2.0,,./node_modules/shebang-command/index.js
,,,shebang-command:2.0.0,,./node_modules/cross-env/node_modules/shebang-command/index.js
,,,shebang-regex:1.0.0,,./node_modules/shebang-regex/index.js
,,,shebang-regex:3.0.0,,./node_modules/cross-env/node_modules/shebang-regex/index.d.ts
,,,shelljs:0.3.0,"CVE-2022-0144, sonatype-2014-0038",./node_modules/shelljs/.documentup.json
,,,should-equal:0.8.0,,./node_modules/should-equal/format.js
,,,should-format:0.3.2,"sonatype-2021-1683, sonatype-2021-4946",./node_modules/should-format/.eslintrc
,,,should-type:0.2.0,,./node_modules/should-type/index.js
,,,should:8.4.0,,./node_modules/should/as-function.js
,,,sigmund:1.0.1,,./node_modules/sigmund/bench.js
,,,signal-exit:2.1.2,,./node_modules/nyc/node_modules/spawn-wrap/node_modules/signal-exit/index.js
,,,signal-exit:3.0.0,,./node_modules/npm/node_modules/node-gyp/node_modules/npmlog/node_modules/gauge/node_modules/signal-exit/index.js
,,,signal-exit:3.0.2,,./node_modules/signal-exit/index.js
,,,slash:1.0.0,,./node_modules/slash/index.js
,,,slice-ansi:0.0.4,,./node_modules/slice-ansi/index.js
,,,slide:1.1.6,,./node_modules/npm/node_modules/slide/index.js
,,,sntp:0.2.4,,./node_modules/zaproxy/node_modules/sntp/Makefile
,,,sntp:1.0.9,,./node_modules/npm/node_modules/request/node_modules/hawk/node_modules/sntp/Makefile
,,,sorted-object:2.0.1,,./node_modules/npm/node_modules/sorted-object/lib/sorted-object.js
,,,source-map:0.4.4,,./node_modules/nyc/node_modules/handlebars/node_modules/source-map/build/assert-shim.js
,,,source-map:0.5.6,,./node_modules/nyc/node_modules/source-map/dist/source-map.debug.js
,,,source-map:0.5.7,,./node_modules/source-map/dist/source-map.debug.js
,,,spawn-wrap:1.2.4,,./node_modules/nyc/node_modules/spawn-wrap/index.js
,,,spdx-correct:1.0.2,,./node_modules/npm/node_modules/validate-npm-package-license/node_modules/spdx-correct/index.js
,,,spdx-correct:3.1.0,,./node_modules/spdx-correct/index.js
,,,spdx-exceptions:1.0.4,,./node_modules/npm/node_modules/validate-npm-package-license/node_modules/spdx-expression-parse/node_modules/spdx-exceptions/index.json
,,,spdx-exceptions:1.0.5,,./node_modules/nyc/node_modules/spdx-exceptions/index.json
,,,spdx-exceptions:2.2.0,,./node_modules/spdx-exceptions/index.json
,,,spdx-expression-parse:1.0.2,,./node_modules/npm/node_modules/validate-npm-package-license/node_modules/spdx-expression-parse/index.js
,,,spdx-expression-parse:3.0.0,,./node_modules/spdx-expression-parse/AUTHORS
,,,spdx-license-ids:1.2.0,,./node_modules/npm/node_modules/validate-npm-package-license/node_modules/spdx-correct/node_modules/spdx-license-ids/spdx-license-ids.json
,,,spdx-license-ids:1.2.1,,./node_modules/nyc/node_modules/spdx-license-ids/spdx-license-ids.json
,,,spdx-license-ids:3.0.3,,./node_modules/spdx-license-ids/deprecated.json
,,,split2:1.1.1,,./node_modules/split2/index.js
,,,sprintf-js:1.0.3,,./node_modules/argparse/node_modules/sprintf-js/bower.json
,,,sprintf-js:1.1.2,,./node_modules/sprintf-js/dist/.gitattributes
,,,sshpk:1.10.1,"sonatype-2018-0087, CVE-2018-3737",./node_modules/npm/node_modules/request/node_modules/http-signature/node_modules/sshpk/bin/sshpk-conv
,,,sshpk:1.16.0,,./node_modules/sshpk/bin/sshpk-conv
,,,stack-utils:0.4.0,,./node_modules/stack-utils/index.js
,,,statuses:1.5.0,,./node_modules/statuses/codes.json
,,,stream-shift:1.0.0,,./node_modules/stream-shift/index.js
,,,stream-to-observable:0.1.0,,./node_modules/stream-to-observable/index.js
,,,string-template:0.2.1,,./node_modules/string-template/LICENCE
,,,string-width:1.0.1,,./node_modules/nyc/node_modules/string-width/index.js
,,,string-width:2.1.1,,./node_modules/ansi-align/node_modules/string-width/index.js
,,,string_decoder:0.10.31,,./node_modules/bl/node_modules/string_decoder/index.js
,,,string_decoder:1.1.1,,./node_modules/string_decoder/lib/string_decoder.js
,,,stringstream:0.0.5,sonatype-2018-0306,./node_modules/npm/node_modules/request/node_modules/stringstream/example.js
,,,stringstream:0.0.6,,./node_modules/stringstream/example.js
,,,strip-ansi:4.0.0,,./node_modules/ansi-align/node_modules/strip-ansi/index.js
,,,strip-bom:2.0.0,,./node_modules/nyc/node_modules/strip-bom/index.js
,,,strip-eof:1.0.0,,./node_modules/strip-eof/index.js
,,,strip-indent:1.0.1,,./node_modules/strip-indent/cli.js
,,,strip-json-comments:1.0.4,,./node_modules/jshint/node_modules/strip-json-comments/cli.js
,,,strip-json-comments:2.0.1,,./node_modules/strip-json-comments/index.js
,,,supports-color:1.2.0,,./node_modules/mocha/node_modules/supports-color/cli.js
,,,supports-color:2.0.0,,./node_modules/@cypress/listr-verbose-renderer/node_modules/supports-color/index.js
,,,supports-color:3.1.2,,./node_modules/nyc/node_modules/istanbul-lib-report/node_modules/supports-color/browser.js
,,,supports-color:5.5.0,,./node_modules/supports-color/browser.js
,,,symbol-observable:1.0.1,,./node_modules/symbol-observable/es/index.js
,,,tap-mocha-reporter:2.0.1,sonatype-2022-1144,./node_modules/tap-mocha-reporter/both.out
,,,tap-parser:2.2.3,,./node_modules/tap-parser/bin/cmd.js
,,,tap:7.1.2,,./node_modules/tap/bin/mochatap.js
,,,tar:2.2.1,CVE-2021-32804,./node_modules/npm/node_modules/tar/examples/extracter.js
,,,term-size:1.2.0,,./node_modules/term-size/index.js
,,,test-exclude:1.1.0,,./node_modules/nyc/node_modules/test-exclude/index.js
,,,text-table:0.2.0,,./node_modules/npm/node_modules/text-table/example/align.js
,,,throttleit:0.0.2,,./node_modules/throttleit/Makefile
,,,through2:2.0.5,,./node_modules/through2/package.json
,,,timed-out:4.0.1,,./node_modules/timed-out/index.js
,,,tiny-lr:1.0.2,,./node_modules/tiny-lr/examples/express/app.js
,,,tiny-lr:1.1.1,,./node_modules/tiny-lr/.babelrc
,,,tmatch:2.0.1,,./node_modules/tmatch/coverage/__root__/index.html
,,,tmp:0.0.24,,./node_modules/tmp/domain-test.js
,,,tmp:0.1.0,,./node_modules/cypress/node_modules/tmp/lib/tmp.js
,,,to-fast-properties:1.0.2,,./node_modules/nyc/node_modules/to-fast-properties/index.js
,,,to-iso-string:0.0.2,,./node_modules/to-iso-string/Makefile
,,,touch:3.1.0,,./node_modules/touch/bin/nodetouch.js
,,,tough-cookie:2.2.2,"sonatype-2016-0047, sonatype-2017-0362, CVE-2017-15010",./node_modules/grunt-retire/node_modules/tough-cookie/lib/cookie.js
,,,tough-cookie:2.3.1,"sonatype-2017-0362, CVE-2017-15010",./node_modules/npm/node_modules/request/node_modules/tough-cookie/lib/cookie.js
,,,tough-cookie:2.3.4,,./node_modules/tough-cookie/lib/cookie.js
,,,tough-cookie:2.4.3,,./node_modules/cypress/node_modules/tough-cookie/lib/cookie.js
,,,trim-newlines:1.0.0,CVE-2021-33623,./node_modules/trim-newlines/index.js
,,,tunnel-agent:0.4.3,sonatype-2018-0078,./node_modules/npm/node_modules/request/node_modules/tunnel-agent/index.js
,,,tunnel-agent:0.6.0,,./node_modules/cypress/node_modules/tunnel-agent/index.js
,,,tweetnacl:0.14.3,,./node_modules/npm/node_modules/request/node_modules/http-signature/node_modules/sshpk/node_modules/tweetnacl/COPYING.txt
,,,tweetnacl:0.14.5,,./node_modules/tweetnacl/nacl-fast.js
,,,typedarray:0.0.6,,./node_modules/npm/node_modules/npm-registry-client/node_modules/concat-stream/node_modules/typedarray/example/tarray.js
,,,uglify-js:2.7.0,,./node_modules/nyc/node_modules/uglify-js/bin/extract-props.js
,,,uid-number:0.0.6,,./node_modules/npm/node_modules/uid-number/get-uid-gid.js
,,,uid-safe:2.1.5,,./node_modules/express-session/node_modules/uid-safe/index.js
,,,ultron:1.0.2,,./node_modules/ultron/index.js
,,,umask:1.1.0,,./node_modules/npm/node_modules/umask/ChangeLog
,,,unc-path-regex:0.1.2,,./node_modules/unc-path-regex/index.js
,,,undefsafe:2.0.2,CVE-2019-10795,./node_modules/undefsafe/.jscsrc
,,,underscore.string:3.3.5,sonatype-2018-0436,./node_modules/underscore.string/.editorconfig
,,,underscore:1.3.1,,./node_modules/npm/test/fixtures/scoped-underscore-1.3.1.tgz/package/underscore-min.js
,,,underscore:1.3.3,CVE-2021-23358,./node_modules/npm/node_modules/npm-registry-client/test/fixtures/underscore/1.3.3/package.tgz
,,,underscore:1.5.1,,./node_modules/npm/test/fixtures/forked-underscore-1.5.1.tgz/package/package.json
,,,underscore:1.8.3,CVE-2021-23358,./node_modules/retire/node_modules/underscore/package.json
,,,unicode-length:1.0.3,,./node_modules/unicode-length/build/unicode-length.js
,,,unique-filename:1.1.0,,./node_modules/npm/node_modules/unique-filename/index.js
,,,unique-slug:2.0.0,,./node_modules/npm/node_modules/unique-filename/node_modules/unique-slug/index.js
,,,unique-string:1.0.0,,./node_modules/unique-string/index.js
,,,universalify:0.1.2,,./node_modules/universalify/index.js
,,,unzip-response:2.0.1,,./node_modules/unzip-response/index.js
,,,update-notifier:2.5.0,,./node_modules/update-notifier/check.js
,,,uri-js:4.2.2,,./node_modules/uri-js/bower.json
,,,url-parse-lax:1.0.0,,./node_modules/url-parse-lax/index.js
,,,url:0.11.0,,./node_modules/url/package.json
,,,util-extend:1.0.3,,./node_modules/npm/node_modules/read-installed/node_modules/util-extend/extend.js
,,,utile:0.3.0,sonatype-2018-0208,./node_modules/utile/lib/args.js
,,,utils-merge:1.0.1,,./node_modules/utils-merge/index.js
,,,uuid:3.3.2,,./node_modules/uuid/.eslintrc.json
,,,v8flags:3.1.2,,./node_modules/v8flags/config-path.js
,,,validate-npm-package-license:3.0.1,,./node_modules/npm/node_modules/validate-npm-package-license/index.js
,,,validate-npm-package-license:3.0.4,,./node_modules/validate-npm-package-license/index.js
,,,validate-npm-package-name:2.2.2,,./node_modules/npm/node_modules/validate-npm-package-name/index.js
,,,verror:1.10.0,,./node_modules/verror/lib/verror.js
,,,verror:1.3.6,,./node_modules/npm/node_modules/request/node_modules/http-signature/node_modules/jsprim/node_modules/verror/Makefile
,,,walkdir:0.0.1,,./node_modules/walkdir/test/comparison/find.js
,,,walkdir:0.0.7,,./node_modules/walkdir/license
,,,wcwidth:1.0.0,,./node_modules/npm/node_modules/columnify/node_modules/wcwidth/combining.js
,,,websocket-driver:0.7.0,,./node_modules/websocket-driver/lib/websocket/driver.js
,,,websocket-extensions:0.1.3,CVE-2020-7662,./node_modules/websocket-extensions/lib/parser.js
,,,which-module:1.0.0,,./node_modules/nyc/node_modules/which-module/index.js
,,,which:1.2.10,,./node_modules/nyc/node_modules/which/bin/which
,,,which:1.2.11,,./node_modules/npm/node_modules/which/bin/which
,,,which:1.3.1,,./node_modules/which/bin/which
,,,which:2.0.2,,./node_modules/cross-env/node_modules/which/bin/node-which
,,,wide-align:1.1.0,,./node_modules/npm/node_modules/npmlog/node_modules/gauge/node_modules/wide-align/align.js
,,,widest-line:2.0.1,,./node_modules/widest-line/index.js
,,,window-size:0.1.4,,./node_modules/nconf/node_modules/window-size/cli.js
,,,window-size:0.2.0,,./node_modules/nyc/node_modules/yargs/node_modules/window-size/cli.js
,,,winston:0.8.3,,./node_modules/winston/.jshintrc
,,,wordwrap:0.0.2,,./node_modules/nyc/node_modules/cliui/node_modules/wordwrap/README.markdown
,,,wrap-ansi:2.0.0,,./node_modules/nyc/node_modules/wrap-ansi/index.js
,,,wrappy:1.0.2,,./node_modules/npm/node_modules/wrappy/wrappy.js
,,,write-file-atomic:1.1.4,,./node_modules/nyc/node_modules/write-file-atomic/index.js
,,,write-file-atomic:1.2.0,,./node_modules/npm/node_modules/write-file-atomic/index.js
,,,write-file-atomic:2.4.3,,./node_modules/write-file-atomic/index.js
,,,ws:1.1.5,,./node_modules/ws/index.js
,,,xdg-basedir:3.0.0,,./node_modules/xdg-basedir/index.js
,,,xml2js:0.4.4,,./node_modules/xml2js/83.coffee
,,,xmlbuilder:10.1.1,,./node_modules/xmlbuilder/lib/Utility.js
,,,xtend:4.0.1,,./node_modules/npm/node_modules/request/node_modules/har-validator/node_modules/is-my-json-valid/node_modules/xtend/LICENCE
,,,yallist:2.0.0,,./node_modules/nyc/node_modules/yallist/test/basic.js
,,,yallist:2.1.2,,./node_modules/lru-cache/node_modules/yallist/iterator.js
,,,yargs-parser:2.4.1,CVE-2020-7608,./node_modules/nyc/node_modules/yargs-parser/index.js
,,,yargs:3.10.0,,./node_modules/nyc/node_modules/uglify-js/node_modules/yargs/completion.sh.hbs
,,,yargs:3.5.4,,./node_modules/yargs/completion.sh.hbs
,,,yargs:4.8.1,,./node_modules/nyc/node_modules/yargs/completion.sh.hbs
,,,yauzl:2.10.0,,./node_modules/yauzl/index.js
,,,yauzl:2.4.1,,./node_modules/extract-zip/node_modules/yauzl/index.js
,,,zaproxy:0.2.0,,./node_modules/zaproxy/.jshintrc
