Group Name,Project Name,Tool,Scanner Name,Status,Vulnerability,Details,Additional Info,Severity,CVE,CWE,Other Identifiers,Detected At,Location,Activity,Comments,Full Path,CVSS Vectors
Test-Group,NodeGoat,secret_detection,Gitleaks,detected,Password in URL,Password in URL,,critical,,,"""Gitleaks rule ID Password in URL""",2023-12-05 15:42:16 UTC,"{""file""=>""README.md"", ""commit""=>{""sha""=>""0000000""}, ""start_line""=>61}",false,"",test-group260849/NodeGoat/101838477,""
Test-Group,NodeGoat,secret_detection,Gitleaks,detected,Password in URL,Password in URL,,critical,,,"""Gitleaks rule ID Password in URL""",2023-12-05 15:42:16 UTC,"{""file""=>""README.md"", ""commit""=>{""sha""=>""0000000""}, ""start_line""=>135}",false,"",test-group260849/NodeGoat/101838478,""
Test-Group,NodeGoat,secret_detection,Gitleaks,detected,RSA private key,RSA private key,,critical,,,"""Gitleaks rule ID RSA private key""",2023-12-05 15:42:16 UTC,"{""file""=>""artifacts/cert/server.key"", ""commit""=>{""sha""=>""0000000""}, ""start_line""=>1}",false,"",test-group260849/NodeGoat/101838479,""
Test-Group,NodeGoat,dependency_scanning,Gemnasium,detected,Use of Cryptographically Weak Pseudo-Random Number Generator (PRNG),The oauth Random Token is generated using a non-cryptographically strong RNG (`Math.random()`).,,medium,CVE-2017-16028,,Gemnasium-02ecf2a1-b2bc-4177-a512-11b0fe71dff0,2023-12-05 15:47:19 UTC,"{""file""=>""package-lock.json"", ""dependency""=>{""package""=>{""name""=>""randomatic""}, ""version""=>""1.1.5""}}",false,"",test-group260849/NodeGoat/101844019,CVSS:3.0/AV:N/AC:L/PR:N/UI:N/S:U/C:L/I:N/A:N=NVD; AV:N/AC:L/Au:N/C:P/I:N/A:N=NVD
Test-Group,NodeGoat,dependency_scanning,Gemnasium,detected,Uncontrolled Resource Consumption,An attacker that is able to make an HTTP request using a specially crafted cookie may cause the application to consume an excessive amount of CPU.,,high,CVE-2017-15010,,Gemnasium-ee8589b3-792a-496d-84b9-ed8f688d060b,2023-12-05 15:47:19 UTC,"{""file""=>""package-lock.json"", ""dependency""=>{""package""=>{""name""=>""tough-cookie""}, ""version""=>""2.2.2""}}",false,"",test-group260849/NodeGoat/101844020,CVSS:3.0/AV:N/AC:L/PR:N/UI:N/S:U/C:N/I:N/A:H=NVD; AV:N/AC:L/Au:N/C:N/I:N/A:P=NVD
Test-Group,NodeGoat,dependency_scanning,Gemnasium,detected,Arbitrary local file read vulnerability during template rendering ,"Directory traversal vulnerability in swig-templates thru 2.0.4 and swig thru 1.4.2, allows attackers to read arbitrary files via the include or extends tags.",,high,CVE-2023-25345,,Gemnasium-95b46878-fe1b-4380-a0a1-41ed6bf5e026; GHSA-2rq5-699j-x7p6,2023-12-05 15:47:19 UTC,"{""file""=>""package-lock.json"", ""dependency""=>{""package""=>{""name""=>""swig""}, ""version""=>""1.4.2""}}",false,"",test-group260849/NodeGoat/101844021,CVSS:3.1/AV:N/AC:L/PR:N/UI:N/S:U/C:H/I:N/A:N=NVD
Test-Group,NodeGoat,dependency_scanning,Gemnasium,detected,Uncontrolled Resource Consumption,websocket-extensions npm module allows Denial of Service (DoS) via Regex Backtracking. The extension parser may take quadratic time when parsing a header containing an unclosed string parameter value whose content is a repeating two-byte sequence of a backslash and some other character. This could be abused by an attacker to conduct Regex Denial Of Service (ReDoS) on a single-threaded server by providing a malicious payload with the `Sec-WebSocket-Extensions` header.,,high,CVE-2020-7662,,Gemnasium-38aa745f-c8a3-48c0-b24b-27cb4d48e1de; GHSA-g78m-2chm-r7qv,2023-12-05 15:47:19 UTC,"{""file""=>""package-lock.json"", ""dependency""=>{""package""=>{""name""=>""websocket-extensions""}, ""version""=>""0.1.3""}}",false,"",test-group260849/NodeGoat/101844022,CVSS:3.1/AV:N/AC:L/PR:N/UI:N/S:U/C:N/I:N/A:H=NVD; AV:N/AC:L/Au:N/C:N/I:N/A:P=NVD
Test-Group,NodeGoat,dependency_scanning,Gemnasium,detected,Uncontrolled Search Path Element,Attackers could trick execa into executing arbitrary binaries. This behaviour is caused by the setting `preferLocal=true` which makes execa search for locally installed binaries and executes them. This vulnerability is usually only exploitable when using execa on a client-side LOCAL application.,,critical,,,Gemnasium-05cfa2e8-2d0c-42c1-8894-638e2f12ff3d,2023-12-05 15:47:19 UTC,"{""file""=>""package-lock.json"", ""dependency""=>{""package""=>{""name""=>""execa""}, ""version""=>""0.10.0""}}",false,"",test-group260849/NodeGoat/101844023,CVSS:3.0/AV:N/AC:L/PR:N/UI:N/S:U/C:H/I:H/A:H=Unknown; AV:N/AC:L/Au:N/C:C/I:C/A:C=Unknown
Test-Group,NodeGoat,dependency_scanning,Gemnasium,detected,Cross-site Scripting,"Due to the way that marked parses input, specifically HTML entities, it's possible to bypass marked's content injection protection (`sanitize: true`) to inject a `javascript:` URL. This flaw exists because `&#xNNanything;` gets parsed to what it could and leaves the rest behind, resulting in just `anything;` being left.",,medium,CVE-2016-10531,,Gemnasium-9b68d0d1-922a-419e-90b5-34a708569b9f,2023-12-05 15:47:19 UTC,"{""file""=>""package-lock.json"", ""dependency""=>{""package""=>{""name""=>""marked""}, ""version""=>""0.3.5""}}",false,"",test-group260849/NodeGoat/101844024,CVSS:3.0/AV:N/AC:L/PR:N/UI:R/S:C/C:L/I:L/A:N=NVD; AV:N/AC:M/Au:N/C:N/I:P/A:N=NVD
Test-Group,NodeGoat,dependency_scanning,Gemnasium,detected,Improper Privilege Management in shelljs,"Output from the synchronous version of `shell.exec()` may be visible to other users on the same system. You may be affected if you execute `shell.exec()` in multi-user Mac, Linux, or WSL environments, or if you execute `shell.exec()` as the root user. Other shelljs functions (including the asynchronous version of `shell.exec()`) are not impacted.",,unknown,,,GHSA-64g7-mvw6-v9qj; Gemnasium-0d528ed9-c504-475b-a1a5-590591214c86,2023-12-05 15:47:19 UTC,"{""file""=>""package-lock.json"", ""dependency""=>{""package""=>{""name""=>""shelljs""}, ""version""=>""0.3.0""}}",false,"",test-group260849/NodeGoat/101844025,""
Test-Group,NodeGoat,dependency_scanning,Gemnasium,detected,Improper Input Validation,NodeJS Tough-Cookie version 2.2.2 contains a Regular Expression Parsing vulnerability in HTTP request Cookie Header parsing that can result in Denial of Service. This attack appear to be exploitable via Custom HTTP header passed by client. This vulnerability appears to have been fixed in 2.3.0.,,medium,CVE-2016-1000232,,GHSA-qhv9-728r-6jqg; Gemnasium-0af35243-72f5-442c-9a8a-4a0ab71d8e78,2023-12-05 15:47:19 UTC,"{""file""=>""package-lock.json"", ""dependency""=>{""package""=>{""name""=>""tough-cookie""}, ""version""=>""2.2.2""}}",false,"",test-group260849/NodeGoat/101844026,CVSS:3.0/AV:N/AC:L/PR:N/UI:N/S:U/C:N/I:N/A:L=NVD; AV:N/AC:L/Au:N/C:N/I:N/A:P=NVD
Test-Group,NodeGoat,dependency_scanning,Gemnasium,detected,Improper Input Validation,"A flaw (CVE-2022-38900) was discovered in one of Kibanaâ€™s third party dependencies, that could allow an authenticated user to perform a request that crashes the Kibana server process.",,medium,CVE-2022-38778,,Gemnasium-0da20c37-9ff9-4935-993d-9fb8e6f74bff,2023-12-05 15:47:19 UTC,"{""file""=>""package-lock.json"", ""dependency""=>{""package""=>{""name""=>""decode-uri-component""}, ""version""=>""0.2.0""}}",false,"",test-group260849/NodeGoat/101844027,CVSS:3.1/AV:N/AC:L/PR:L/UI:N/S:U/C:N/I:N/A:H=NVD
Test-Group,NodeGoat,dependency_scanning,Gemnasium,detected,Direct Request (Forced Browsing),Prototype pollution vulnerability in dot-prop npm package version allows an attacker to add arbitrary properties to JavaScript language constructs such as objects.,,high,CVE-2020-8116,,Gemnasium-da820ca1-f0b5-4194-b3cd-bc3277d0aaf4; GHSA-ff7x-qrg7-qggm,2023-12-05 15:47:19 UTC,"{""file""=>""package-lock.json"", ""dependency""=>{""package""=>{""name""=>""dot-prop""}, ""version""=>""4.2.0""}}",false,"",test-group260849/NodeGoat/101844028,CVSS:3.1/AV:N/AC:L/PR:N/UI:N/S:U/C:L/I:L/A:L=NVD; AV:N/AC:L/Au:N/C:P/I:P/A:P=NVD
Test-Group,NodeGoat,dependency_scanning,Gemnasium,detected,Inefficient Regular Expression Complexity,ansi-regex is vulnerable to Inefficient Regular Expression Complexity,,high,CVE-2021-3807,,Gemnasium-d3380f7d-f611-46f0-8561-96d3a1eb9fa9,2023-12-05 15:47:19 UTC,"{""file""=>""package-lock.json"", ""dependency""=>{""package""=>{""name""=>""ansi-regex""}, ""version""=>""3.0.0""}}",false,"",test-group260849/NodeGoat/101844029,CVSS:3.1/AV:N/AC:L/PR:N/UI:N/S:U/C:N/I:N/A:H=NVD; AV:N/AC:L/Au:N/C:N/I:N/A:C=NVD
Test-Group,NodeGoat,dependency_scanning,Gemnasium,detected,Regular Expression Denial of Service,"Hawk is an HTTP authentication scheme providing mechanisms for making authenticated HTTP requests with partial cryptographic verification of the request and response, covering the HTTP method, request URI, host, and optionally the request payload. Hawk used a regular expression to parse `Host` HTTP header (`Hawk.utils.parseHost()`), which was subject to regular expression DoS attack - meaning each added character in the attacker's input increases the computation time exponentially. `parseHost()` was patched in `9.0.1` to use built-in `URL` class to parse hostname instead. `Hawk.authenticate()` accepts `options` argument. If that contains `host` and `port`, those would be used instead of a call to `utils.parseHost()`.",,high,CVE-2022-29167,,GHSA-44pw-h2cw-w3vq; Gemnasium-0206d2fc-7b2d-4ee9-a9ef-d62f97a732f8,2023-12-05 15:47:19 UTC,"{""file""=>""package-lock.json"", ""dependency""=>{""package""=>{""name""=>""hawk""}, ""version""=>""1.0.0""}}",false,"",test-group260849/NodeGoat/101844030,CVSS:3.1/AV:N/AC:L/PR:N/UI:N/S:U/C:N/I:N/A:H=NVD; AV:N/AC:L/Au:N/C:N/I:N/A:P=NVD
Test-Group,NodeGoat,dependency_scanning,Gemnasium,detected,Out-of-bounds Read,Versions less than of the Node.js stringstream module are vulnerable to an out-of-bounds read because of allocation of uninitialized buffers when a number is passed in the input stream (when using Node.js ).,,medium,CVE-2018-21270,,Gemnasium-bccf1e88-7ea9-48ed-aa16-6ba05f0793b7; GHSA-mf6x-7mm4-x2g7,2023-12-05 15:47:19 UTC,"{""file""=>""package-lock.json"", ""dependency""=>{""package""=>{""name""=>""stringstream""}, ""version""=>""0.0.5""}}",false,"",test-group260849/NodeGoat/101844031,CVSS:3.1/AV:N/AC:H/PR:N/UI:N/S:U/C:L/I:N/A:H=NVD; AV:N/AC:M/Au:N/C:P/I:N/A:P=NVD
Test-Group,NodeGoat,dependency_scanning,Gemnasium,detected,Denial-of-Service Extended Event Loop Blocking,qs is affected by a denial of service vulnerability that results from excessive recursion in parsing a deeply nested JSON string.,,unknown,,,Gemnasium-dc790c1c-61ce-4295-ae2d-5e02a42a7de5,2023-12-05 15:47:19 UTC,"{""file""=>""package-lock.json"", ""dependency""=>{""package""=>{""name""=>""qs""}, ""version""=>""0.6.6""}}",false,"",test-group260849/NodeGoat/101844032,""
Test-Group,NodeGoat,dependency_scanning,Gemnasium,detected,Regular Expression Denial of Service (ReDoS),The trim-newlines package for Node.js has an issue related to regular expression denial-of-service (ReDoS) for the `.end()` method.,,high,CVE-2021-33623,,Gemnasium-5bbf7651-47eb-42d9-95fe-8d941913de3d,2023-12-05 15:47:19 UTC,"{""file""=>""package-lock.json"", ""dependency""=>{""package""=>{""name""=>""trim-newlines""}, ""version""=>""1.0.0""}}",false,"",test-group260849/NodeGoat/101844033,CVSS:3.1/AV:N/AC:L/PR:N/UI:N/S:U/C:N/I:N/A:H=NVD; AV:N/AC:L/Au:N/C:N/I:N/A:P=NVD
Test-Group,NodeGoat,dependency_scanning,Gemnasium,detected,Regular Expression Denial of Service,The `tough-cookie` module is vulnerable to regular expression denial of service. Input of around k characters is required for a slow down of around 2 seconds. Unless node was compiled using the `-DHTTP_MAX_HEADER_SIZE=` option the default header max length is kb so the impact of the ReDoS is limited to around seconds of blocking.,,unknown,,,Gemnasium-29853e80-30d2-40ef-874a-89ca1734dec2,2023-12-05 15:47:19 UTC,"{""file""=>""package-lock.json"", ""dependency""=>{""package""=>{""name""=>""tough-cookie""}, ""version""=>""2.2.2""}}",false,"",test-group260849/NodeGoat/101844034,""
Test-Group,NodeGoat,dependency_scanning,Gemnasium,detected,Inefficient Regular Expression Complexity,"A vulnerability, which was classified as problematic, has been found in vercel ms up to 1.x. This issue affects the function parse of the file index.js. The manipulation of the argument str leads to inefficient regular expression complexity. The attack may be initiated remotely. The exploit has been disclosed to the public and may be used. Upgrading to version 2.0.0 is able to address this issue. The name of the patch is caae2988ba2a37765d055c4eee63d383320ee662. It is recommended to upgrade the affected component. The associated identifier of this vulnerability is VDB-217451.",,medium,CVE-2017-20162,,Gemnasium-f988ffe0-c8fa-47fd-8903-0c4b5097f8d1; GHSA-w9mr-4mfr-499f,2023-12-05 15:47:19 UTC,"{""file""=>""package-lock.json"", ""dependency""=>{""package""=>{""name""=>""ms""}, ""version""=>""0.7.1""}}",false,"",test-group260849/NodeGoat/101844035,CVSS:3.1/AV:N/AC:L/PR:N/UI:N/S:U/C:N/I:N/A:L=NVD
Test-Group,NodeGoat,dependency_scanning,Gemnasium,detected,Access of Resource Using Incompatible Type ('Type Confusion'),This affects the package jsonpointer A type confusion vulnerability can lead to a bypass of a previous Prototype Pollution fix when the pointer components are arrays.,,critical,CVE-2021-23807,,Gemnasium-0154410b-f780-4284-8fec-7e565b6e82aa,2023-12-05 15:47:19 UTC,"{""file""=>""package-lock.json"", ""dependency""=>{""package""=>{""name""=>""jsonpointer""}, ""version""=>""4.0.0""}}",false,"",test-group260849/NodeGoat/101844036,CVSS:3.1/AV:N/AC:L/PR:N/UI:N/S:U/C:H/I:H/A:H=NVD; AV:N/AC:L/Au:N/C:P/I:P/A:P=NVD
Test-Group,NodeGoat,dependency_scanning,Gemnasium,detected,Denial-of-Service Memory Exhaustion in qs,"The qs module before 1.0.0 in Node.js does not call the compact function for array data, which allows remote attackers to cause a denial of service (memory consumption) by using a large index value to create a sparse array.",,medium,CVE-2014-7191,,GHSA-jjv7-qpx3-h62q; Gemnasium-d6dfa81b-9788-4f21-8fec-3a25f3875dad,2023-12-05 15:47:19 UTC,"{""file""=>""package-lock.json"", ""dependency""=>{""package""=>{""name""=>""qs""}, ""version""=>""0.6.6""}}",false,"",test-group260849/NodeGoat/101844037,AV:N/AC:L/Au:N/C:N/I:N/A:P=NVD
Test-Group,NodeGoat,dependency_scanning,Gemnasium,detected,decode-uri-component vulnerable to Denial of Service (DoS),decode-uri-component 0.2.0 is vulnerable to Improper Input Validation resulting in DoS.,,high,CVE-2022-38900,,GHSA-w573-4hg7-7wgq; Gemnasium-a5994206-f97a-4d63-9437-4bc6f6b1dbe8,2023-12-05 15:47:19 UTC,"{""file""=>""package-lock.json"", ""dependency""=>{""package""=>{""name""=>""decode-uri-component""}, ""version""=>""0.2.0""}}",false,"",test-group260849/NodeGoat/101844038,CVSS:3.1/AV:N/AC:L/PR:N/UI:N/S:U/C:N/I:N/A:H=NVD
Test-Group,NodeGoat,dependency_scanning,Gemnasium,detected,Insufficient Entropy,Eran Hammer cryptiles contains an Insufficient Entropy vulnerability in `randomDigits()`. An attacker is more likely to be able to brute force something that was supposed to be random. This attack appear to be exploitable depending upon the calling application.,,critical,CVE-2018-1000620,,Gemnasium-de36ea12-2c68-48fc-9bfe-ae8f0d6ebd96,2023-12-05 15:47:19 UTC,"{""file""=>""package-lock.json"", ""dependency""=>{""package""=>{""name""=>""cryptiles""}, ""version""=>""0.2.2""}}",false,"",test-group260849/NodeGoat/101844039,CVSS:3.0/AV:N/AC:L/PR:N/UI:N/S:U/C:H/I:H/A:H=NVD; AV:N/AC:L/Au:N/C:P/I:N/A:N=NVD
Test-Group,NodeGoat,dependency_scanning,Gemnasium,detected,Inefficient Regular Expression Complexity,A vulnerability classified as problematic has been found in debug-js debug up to 3.0.x. This affects the function useColors of the file src/node.js. The manipulation of the argument str leads to inefficient regular expression complexity. Upgrading to version 3.1.0 is able to address this issue. The name of the patch is c38a0166c266a679c8de012d4eaccec3f944e685. It is recommended to upgrade the affected component. The identifier VDB-217665 was assigned to this vulnerability.,,high,CVE-2017-20165,,Gemnasium-9fd81108-f566-4459-8f4c-e10c54608eb7; GHSA-9vvw-cc9w-f27h,2023-12-05 15:47:19 UTC,"{""file""=>""package-lock.json"", ""dependency""=>{""package""=>{""name""=>""debug""}, ""version""=>""2.2.0""}}",false,"",test-group260849/NodeGoat/101844040,CVSS:3.1/AV:N/AC:L/PR:N/UI:N/S:U/C:N/I:N/A:H=NVD
Test-Group,NodeGoat,dependency_scanning,Gemnasium,detected,Regular Expression Denial of Service (ReDoS),"A vulnerability was found in diff before v3.5.0, the affected versions of this package are vulnerable to Regular Expression Denial of Service (ReDoS) attacks.",,unknown,,,Gemnasium-3eb80094-af74-4045-94b5-8cc1c20be7a3; GHSA-h6ch-v84p-w6p9,2023-12-05 15:47:19 UTC,"{""file""=>""package-lock.json"", ""dependency""=>{""package""=>{""name""=>""diff""}, ""version""=>""1.4.0""}}",false,"",test-group260849/NodeGoat/101844041,""
Test-Group,NodeGoat,dependency_scanning,Gemnasium,detected,Type checking vulnerability,`ctorName` allows external user input to overwrite certain internal attributes via a conflicting name.,,high,CVE-2019-20149,,Gemnasium-c69c3883-e67c-4be5-a4dd-ce1d82173049,2023-12-05 15:47:19 UTC,"{""file""=>""package-lock.json"", ""dependency""=>{""package""=>{""name""=>""kind-of""}, ""version""=>""3.0.3""}}",false,"",test-group260849/NodeGoat/101844042,CVSS:3.1/AV:N/AC:L/PR:N/UI:N/S:U/C:N/I:H/A:N=NVD; AV:N/AC:L/Au:N/C:N/I:P/A:N=NVD
Test-Group,NodeGoat,dependency_scanning,Gemnasium,detected,Inefficient Regular Expression Complexity,mocha is vulnerable to ReDos,,high,,,Gemnasium-9b8d87cf-c697-4ae5-b199-ea346f243656,2023-12-05 15:47:19 UTC,"{""file""=>""package-lock.json"", ""dependency""=>{""package""=>{""name""=>""mocha""}, ""version""=>""2.5.3""}}",false,"",test-group260849/NodeGoat/101844043,CVSS:3.1/AV:N/AC:L/PR:N/UI:N/S:U/C:N/I:N/A:H=Unknown; AV:N/AC:L/Au:N/C:N/I:N/A:P=Unknown
Test-Group,NodeGoat,dependency_scanning,Gemnasium,detected,Inefficient Regular Expression Complexity,"moment is a JavaScript date library for parsing, validating, manipulating, and formatting dates. Affected versions of moment were found to use an inefficient parsing algorithm. Specifically using string-to-date parsing in moment (more specifically rfc2822 parsing, which is tried by default) has quadratic (N^2) complexity on specific inputs. Users may notice a noticeable slowdown is observed with inputs above 10k characters. Users who pass user-provided strings without sanity length checks to moment constructor is vulnerable to (Re)DoS attacks. The problem is patched in 2.29.4, the patch can be applied to all affected versions with minimal tweaking. Users are advised to upgrade. Users unable to upgrade should consider limiting date lengths accepted from user input.",,high,CVE-2022-31129,,Gemnasium-0362fa68-1498-4a73-8364-42bdd71d3237; GHSA-wc69-rhjr-hc9g,2023-12-05 15:47:19 UTC,"{""file""=>""package-lock.json"", ""dependency""=>{""package""=>{""name""=>""moment""}, ""version""=>""2.24.0""}}",false,"",test-group260849/NodeGoat/101844044,CVSS:3.1/AV:N/AC:L/PR:N/UI:N/S:U/C:N/I:N/A:H=NVD; AV:N/AC:L/Au:N/C:N/I:N/A:P=NVD
Test-Group,NodeGoat,dependency_scanning,Gemnasium,detected,Inclusion of Sensitive Information in Log Files,npm CLI is vulnerable to an information exposure vulnerability through log files. The password value is not redacted and is printed to stdout and also to any generated log files.,,medium,CVE-2020-15095,,GHSA-93f3-23rq-pjfp; Gemnasium-b2ebf825-28c5-443d-9dd2-c1e6ec0a1125,2023-12-05 15:47:19 UTC,"{""file""=>""package-lock.json"", ""dependency""=>{""package""=>{""name""=>""npm""}, ""version""=>""3.10.10""}}",false,"",test-group260849/NodeGoat/101844045,CVSS:3.1/AV:L/AC:H/PR:L/UI:R/S:U/C:H/I:N/A:N=NVD; AV:L/AC:M/Au:N/C:P/I:N/A:N=NVD
Test-Group,NodeGoat,dependency_scanning,Gemnasium,detected,Improper Neutralization of Special Elements used in an OS Command ('OS Command Injection'),The package handlebars before 4.7.7 are vulnerable to Remote Code Execution (RCE) when selecting certain compiling options to compile templates coming from an untrusted source.,,critical,CVE-2021-23369,,GHSA-f2jv-r9rf-7988; Gemnasium-ca5e5a14-0d8c-4b9c-9ad4-77f8d034e6c8,2023-12-05 15:47:19 UTC,"{""file""=>""package-lock.json"", ""dependency""=>{""package""=>{""name""=>""handlebars""}, ""version""=>""4.0.5""}}",false,"",test-group260849/NodeGoat/101844046,CVSS:3.1/AV:N/AC:L/PR:N/UI:N/S:U/C:H/I:H/A:H=NVD; AV:N/AC:L/Au:N/C:P/I:P/A:P=NVD
Test-Group,NodeGoat,dependency_scanning,Gemnasium,detected,Improper Neutralization of Special Elements used in an OS Command ('OS Command Injection'),"fsevents before 1.2.11 depends on the https://fsevents-binaries.s3-us-west-2.amazonaws.com URL, which might allow an adversary to execute arbitrary code if any JavaScript project (that depends on fsevents) distributes code that was obtained from that URL at a time when it was controlled by an adversary.",,critical,CVE-2023-45311,,GHSA-8r6j-v8pm-fqw3; Gemnasium-3d46f71d-6f1d-4738-b5d9-6af26d6ecc19,2023-12-05 15:47:19 UTC,"{""file""=>""package-lock.json"", ""dependency""=>{""package""=>{""name""=>""fsevents""}, ""version""=>""1.2.9""}}",false,"",test-group260849/NodeGoat/101844047,CVSS:3.1/AV:N/AC:L/PR:N/UI:N/S:U/C:H/I:H/A:H=NVD
Test-Group,NodeGoat,dependency_scanning,Gemnasium,detected,Improper Input Validation,The qs module is vulnerable to a DoS. A malicious user can send an evil request to cause the web framework crash.,,high,CVE-2017-1000048,,Gemnasium-3b2aab12-b697-40c2-b917-92ab14b878e9,2023-12-05 15:47:19 UTC,"{""file""=>""package-lock.json"", ""dependency""=>{""package""=>{""name""=>""qs""}, ""version""=>""5.2.1""}}",false,"",test-group260849/NodeGoat/101844048,CVSS:3.0/AV:N/AC:L/PR:N/UI:N/S:U/C:N/I:N/A:H=NVD; AV:N/AC:L/Au:N/C:N/I:N/A:P=NVD
Test-Group,NodeGoat,dependency_scanning,Gemnasium,detected,Improperly Controlled Modification of Object Prototype Attributes ('Prototype Pollution'),The package handlebars before 4.7.7 are vulnerable to Prototype Pollution when selecting certain compiling options to compile templates coming from an untrusted source.,,critical,CVE-2021-23383,,GHSA-765h-qjxv-5f44; Gemnasium-38710e7b-b5b6-40e7-87a6-576cc0939955,2023-12-05 15:47:19 UTC,"{""file""=>""package-lock.json"", ""dependency""=>{""package""=>{""name""=>""handlebars""}, ""version""=>""4.0.5""}}",false,"",test-group260849/NodeGoat/101844049,CVSS:3.1/AV:N/AC:L/PR:N/UI:N/S:U/C:H/I:H/A:H=NVD; AV:N/AC:L/Au:N/C:P/I:P/A:P=NVD
Test-Group,NodeGoat,dependency_scanning,Gemnasium,detected,Improper Neutralization of Input During Web Page Generation ('Cross-site Scripting'),"jQuery before 3.0.0 is vulnerable to Cross-site Scripting (XSS) attacks when a cross-domain Ajax request is performed without the dataType option, causing text/javascript responses to be executed.",,medium,CVE-2015-9251,,Gemnasium-24eaef8b-a662-4015-8619-84f1eb756395; GHSA-rmxg-73gg-4p98,2023-12-05 15:47:19 UTC,"{""file""=>""app/assets/vendor/jquery.min.js"", ""dependency""=>{""package""=>{""name""=>""jquery""}, ""version""=>""1.10.2""}}",false,"",test-group260849/NodeGoat/101844050,CVSS:3.0/AV:N/AC:L/PR:N/UI:R/S:C/C:L/I:L/A:N=NVD; AV:N/AC:M/Au:N/C:N/I:P/A:N=NVD
Test-Group,NodeGoat,dependency_scanning,Gemnasium,detected,Cross-site Scripting,"In Bootstrap, XSS is possible in the collapse data-parent attribute.",,medium,CVE-2018-14040,,Gemnasium-f4fbeed1-cb26-4e4e-b123-daaa39420281,2023-12-05 15:47:19 UTC,"{""file""=>""app/assets/vendor/bootstrap/bootstrap.js"", ""dependency""=>{""package""=>{""name""=>""bootstrap""}, ""version""=>""3.0.0""}}",false,"",test-group260849/NodeGoat/101844051,CVSS:3.0/AV:N/AC:L/PR:N/UI:R/S:C/C:L/I:L/A:N=NVD; AV:N/AC:M/Au:N/C:N/I:P/A:N=NVD
Test-Group,NodeGoat,dependency_scanning,Gemnasium,detected,Prototype Pollution in async,"A vulnerability exists in Async through 3.2.1 (fixed in 3.2.2), which could let a malicious user obtain privileges via the mapValues() method.",,high,CVE-2021-43138,,GHSA-fwr7-v2mv-hh25; Gemnasium-81b070d9-73e0-4402-93cc-178e7fd015cd,2023-12-05 15:47:19 UTC,"{""file""=>""package-lock.json"", ""dependency""=>{""package""=>{""name""=>""async""}, ""version""=>""0.2.10""}}",false,"",test-group260849/NodeGoat/101844052,CVSS:3.1/AV:L/AC:L/PR:N/UI:R/S:U/C:H/I:H/A:H=NVD; AV:N/AC:M/Au:N/C:P/I:P/A:P=NVD
Test-Group,NodeGoat,dependency_scanning,Gemnasium,detected,Denial of Service,A specially crafted value of the `Sec-WebSocket-Extensions` header that uses `Object.prototype` property names as extension or parameter names can be used to make a `ws` server crash.,,unknown,,,Gemnasium-18a02acd-60b8-44ce-9af1-8f535852ae34,2023-12-05 15:47:19 UTC,"{""file""=>""package-lock.json"", ""dependency""=>{""package""=>{""name""=>""ws""}, ""version""=>""1.1.5""}}",false,"",test-group260849/NodeGoat/101844053,""
Test-Group,NodeGoat,dependency_scanning,Gemnasium,detected,Deserialization of Untrusted Data,"bson is vulnerable to Deserialization of Untrusted Data. The package will ignore an unknown value for an object's `_bsotype`, leading to cases where an object is serialized as a document rather than the intended BSON type.",,critical,CVE-2020-7610,,Gemnasium-ad7de6c9-4252-4513-9fc4-a2b437f555ac,2023-12-05 15:47:19 UTC,"{""file""=>""package-lock.json"", ""dependency""=>{""package""=>{""name""=>""bson""}, ""version""=>""1.0.9""}}",false,"",test-group260849/NodeGoat/101844054,CVSS:3.1/AV:N/AC:L/PR:N/UI:N/S:U/C:H/I:H/A:H=NVD; AV:N/AC:L/Au:N/C:P/I:P/A:P=NVD
Test-Group,NodeGoat,dependency_scanning,Gemnasium,detected,Improper Neutralization of Special Elements used in an OS Command ('OS Command Injection'),Improper Neutralization of Special Elements used in an OS Command ('OS Command Injection') in handlebars.,,unknown,,,Gemnasium-34bee61b-6ace-4065-9fd7-f2f1ccb6a9e6; GHSA-q2c6-c6pm-g3gh,2023-12-05 15:47:19 UTC,"{""file""=>""package-lock.json"", ""dependency""=>{""package""=>{""name""=>""handlebars""}, ""version""=>""4.0.5""}}",false,"",test-group260849/NodeGoat/101844055,""
Test-Group,NodeGoat,dependency_scanning,Gemnasium,detected,Improper Neutralization of Input During Web Page Generation ('Cross-site Scripting'),"jQuery before 3.4.0, as used in Drupal, Backdrop CMS, and other products, mishandles jQuery.extend(true, {}, ...) because of Object.prototype pollution. If an unsanitized source object contained an enumerable __proto__ property, it could extend the native Object.prototype.",,medium,CVE-2019-11358,,Gemnasium-54b5386a-59f9-43aa-88e7-0c12bd5b5e7c; GHSA-6c3j-c64m-qhgq,2023-12-05 15:47:19 UTC,"{""file""=>""app/assets/vendor/jquery.min.js"", ""dependency""=>{""package""=>{""name""=>""jquery""}, ""version""=>""1.10.2""}}",false,"",test-group260849/NodeGoat/101844056,CVSS:3.1/AV:N/AC:L/PR:N/UI:R/S:C/C:L/I:L/A:N=NVD; AV:N/AC:M/Au:N/C:N/I:P/A:N=NVD
Test-Group,NodeGoat,dependency_scanning,Gemnasium,detected,Path Traversal,This npm package has an arbitrary file creation/overwrite and arbitrary code execution vulnerability. node-tar aims to guarantee that any file whose location would be modified by a symbolic link is not extracted.,,high,CVE-2021-37701,,GHSA-9r2w-394v-53qc; Gemnasium-185c334e-acea-4786-8dbb-84d39f9e6144,2023-12-05 15:47:19 UTC,"{""file""=>""package-lock.json"", ""dependency""=>{""package""=>{""name""=>""tar""}, ""version""=>""2.2.1""}}",false,"",test-group260849/NodeGoat/101844057,CVSS:3.1/AV:L/AC:L/PR:N/UI:R/S:C/C:H/I:H/A:H=NVD; AV:L/AC:M/Au:N/C:P/I:P/A:P=NVD
Test-Group,NodeGoat,dependency_scanning,Gemnasium,detected,Improper Limitation of a Pathname to a Restricted Directory ('Path Traversal'),"The npm package ""tar"" (aka node-tar) has an arbitrary file creation/overwrite and arbitrary code execution vulnerability. node-tar aims to guarantee that any file whose location would be modified by a symbolic link is not extracted. This is, in part, achieved by ensuring that extracted directories are not symlinks. Additionally, in order to prevent unnecessary stat calls to determine whether a given path is a directory, paths are cached when directories are created.",,high,CVE-2021-37712,,GHSA-qq89-hq3f-393p; Gemnasium-129fddb5-3f53-4889-872b-7b0a95f8e3e8,2023-12-05 15:47:19 UTC,"{""file""=>""package-lock.json"", ""dependency""=>{""package""=>{""name""=>""tar""}, ""version""=>""2.2.1""}}",false,"",test-group260849/NodeGoat/101844058,CVSS:3.1/AV:L/AC:L/PR:N/UI:R/S:C/C:H/I:H/A:H=NVD; AV:L/AC:M/Au:N/C:P/I:P/A:P=NVD
Test-Group,NodeGoat,dependency_scanning,Gemnasium,detected,Sanitization bypass using HTML Entities,"Due to the way that marked parses input, specifically HTML entities, it's possible to bypass marked's content injection protection (`sanitize: true`) to inject a `javascript:` URL. This flaw exists because `&#xNNanything;` gets parsed to what it could and leaves the rest behind, resulting in just `anything;` being left.",,unknown,,,Gemnasium-9de559de-c695-4014-8b09-c27eea5b90c7,2023-12-05 15:47:19 UTC,"{""file""=>""package-lock.json"", ""dependency""=>{""package""=>{""name""=>""marked""}, ""version""=>""0.3.5""}}",false,"",test-group260849/NodeGoat/101844059,""
Test-Group,NodeGoat,dependency_scanning,Gemnasium,detected,Improper Input Validation,lodash is vulnerable to Prototype Pollution. The function `defaultsDeep` could be tricked into adding or modifying properties of `Object.prototype` using a constructor payload.,,critical,CVE-2019-10744,,Gemnasium-4774cd67-936f-419e-8533-ae5cfe7db9f9,2023-12-05 15:47:19 UTC,"{""file""=>""package-lock.json"", ""dependency""=>{""package""=>{""name""=>""lodash""}, ""version""=>""2.4.2""}}",false,"",test-group260849/NodeGoat/101844060,CVSS:3.0/AV:N/AC:L/PR:N/UI:N/S:U/C:H/I:H/A:H=NVD; AV:N/AC:L/Au:N/C:P/I:P/A:P=NVD
Test-Group,NodeGoat,dependency_scanning,Gemnasium,detected,Command Injection,"Growl does not properly sanitize input before passing it to exec, allowing for arbitrary command execution.",,unknown,,,Gemnasium-15744a58-a432-48d2-a1f9-56442cad2a62,2023-12-05 15:47:19 UTC,"{""file""=>""package-lock.json"", ""dependency""=>{""package""=>{""name""=>""growl""}, ""version""=>""1.9.2""}}",false,"",test-group260849/NodeGoat/101844061,""
Test-Group,NodeGoat,dependency_scanning,Gemnasium,detected,Regular Expression Denial of Service,The debug module is vulnerable to regular expression denial of service when untrusted user input is passed into the `o` formatter. It takes around k characters to block for 2 seconds making this a low severity issue.,,unknown,,,Gemnasium-37283ed4-0380-40d7-ada7-2d994afcc62a,2023-12-05 15:47:19 UTC,"{""file""=>""package-lock.json"", ""dependency""=>{""package""=>{""name""=>""debug""}, ""version""=>""2.2.0""}}",false,"",test-group260849/NodeGoat/101844062,""
Test-Group,NodeGoat,dependency_scanning,Gemnasium,detected,Improper Neutralization of Input During Web Page Generation ('Cross-site Scripting'),"In Bootstrap 3.x before 3.4.0 and 4.x-beta before 4.0.0-beta.2, XSS is possible in the data-target attribute, a different vulnerability than CVE-2018-14041.",,medium,CVE-2016-10735,,GHSA-4p24-vmcr-4gqj; Gemnasium-342cce90-f89a-4210-b51c-55ac1bf557f6,2023-12-05 15:47:19 UTC,"{""file""=>""app/assets/vendor/bootstrap/bootstrap.js"", ""dependency""=>{""package""=>{""name""=>""bootstrap""}, ""version""=>""3.0.0""}}",false,"",test-group260849/NodeGoat/101844063,CVSS:3.0/AV:N/AC:L/PR:N/UI:R/S:C/C:L/I:L/A:N=NVD; AV:N/AC:M/Au:N/C:N/I:P/A:N=NVD
Test-Group,NodeGoat,dependency_scanning,Gemnasium,detected,Arbitrary file overwrite,"fstream is vulnerable to Arbitrary File Overwrite. Extracting tarballs containing a hardlink to a file that already exists in the system, and a file that matches the hardlink, will overwrite the system's file with the contents of the extracted file. The `fstream.DirWriter()` function is vulnerable.",,high,CVE-2019-13173,,Gemnasium-cd3ac1e9-6caa-4405-9e55-a08d8fa74434,2023-12-05 15:47:19 UTC,"{""file""=>""package-lock.json"", ""dependency""=>{""package""=>{""name""=>""fstream""}, ""version""=>""1.0.10""}}",false,"",test-group260849/NodeGoat/101844064,CVSS:3.0/AV:N/AC:L/PR:N/UI:N/S:U/C:N/I:H/A:N=NVD; AV:N/AC:L/Au:N/C:N/I:P/A:P=NVD
Test-Group,NodeGoat,dependency_scanning,Gemnasium,detected,Object Prototype Pollution,Prototype pollution attack when using `_.zipObjectDeep` in lodash.,,high,CVE-2020-8203,,Gemnasium-1f7fa42b-6b17-46b7-88a5-8995b43d298f,2023-12-05 15:47:19 UTC,"{""file""=>""package-lock.json"", ""dependency""=>{""package""=>{""name""=>""lodash""}, ""version""=>""2.4.2""}}",false,"",test-group260849/NodeGoat/101844065,CVSS:3.1/AV:N/AC:H/PR:N/UI:N/S:U/C:N/I:H/A:H=NVD; AV:N/AC:M/Au:N/C:N/I:P/A:P=NVD
Test-Group,NodeGoat,dependency_scanning,Gemnasium,detected,Uncontrolled Resource Consumption,The package hosted-git-info is vulnerable to Regular Expression Denial of Service (ReDoS) via regular expression shortcutMatch in the fromUrl function in index.js. The affected regular expression exhibits polynomial worst-case time complexity.,,medium,CVE-2021-23362,,Gemnasium-f40eaa2d-0cc7-47c7-a746-e964cb5d5e30,2023-12-05 15:47:19 UTC,"{""file""=>""package-lock.json"", ""dependency""=>{""package""=>{""name""=>""hosted-git-info""}, ""version""=>""2.1.5""}}",false,"",test-group260849/NodeGoat/101844066,CVSS:3.1/AV:N/AC:L/PR:N/UI:N/S:U/C:N/I:N/A:L=NVD; AV:N/AC:L/Au:N/C:N/I:N/A:P=NVD
Test-Group,NodeGoat,dependency_scanning,Gemnasium,detected,Improper Limitation of a Pathname to a Restricted Directory ('Path Traversal'),"The npm package ""tar"" (aka node-tar) before versions 6.1.1, 5.0.6, 4.4.14, and 3.3.2 has a arbitrary File Creation/Overwrite vulnerability due to insufficient absolute path sanitization. node-tar aims to prevent extraction of absolute file paths by turning absolute paths into relative paths when the `preservePaths` flag is not set to `true`. This is achieved by stripping the absolute path root from any absolute file paths contained in a tar file. For example `/home/user/.bashrc` would turn into `home/user/.bashrc`. This logic was insufficient when file paths contained repeated path roots such as `////home/user/.bashrc`. `node-tar` would only strip a single path root from such paths. When given an absolute file path with repeating path roots, the resulting path (e.g. `///home/user/.bashrc`) would still resolve to an absolute path, thus allowing arbitrary file creation and overwrite. This issue was addressed in releases 3.2.2, 4.4.14, 5.0.6 and 6.1.1. Users may work around this vulnerability without upgrading by creating a custom `onentry` method which sanitizes the `entry.path` or a `filter` method which removes entries with absolute paths. See referenced GitHub Advisory for details. Be aware of CVE-2021-32803 which fixes a similar bug in later versions of tar.",,high,CVE-2021-32804,,Gemnasium-8d63f9f1-0a88-4f8d-b423-48892f01c709; GHSA-3jfq-g458-7qm9,2023-12-05 15:47:19 UTC,"{""file""=>""package-lock.json"", ""dependency""=>{""package""=>{""name""=>""tar""}, ""version""=>""2.2.1""}}",false,"",test-group260849/NodeGoat/101844067,CVSS:3.1/AV:N/AC:L/PR:N/UI:R/S:U/C:N/I:H/A:H=NVD; AV:N/AC:M/Au:N/C:N/I:P/A:P=NVD
Test-Group,NodeGoat,dependency_scanning,Gemnasium,detected,Improper Neutralization of Special Elements used in an OS Command ('OS Command Injection'),Improper Neutralization of Special Elements used in an OS Command ('OS Command Injection') in handlebars.,,unknown,,,GHSA-2cf5-4w76-r9qv; Gemnasium-ae1756fc-292f-4432-b085-3a9b20cdac1d,2023-12-05 15:47:19 UTC,"{""file""=>""package-lock.json"", ""dependency""=>{""package""=>{""name""=>""handlebars""}, ""version""=>""4.0.5""}}",false,"",test-group260849/NodeGoat/101844068,""
Test-Group,NodeGoat,dependency_scanning,Gemnasium,detected,Path Traversal,npm is vulnerable to an Arbitrary File Write. It fails to prevent access to folders outside of the intended node_modules folder through the bin field.,,high,CVE-2019-16776,,Gemnasium-c535f579-e3ca-4539-a5a9-2d57ea324f0a; GHSA-x8qc-rrcw-4r46,2023-12-05 15:47:20 UTC,"{""file""=>""package-lock.json"", ""dependency""=>{""package""=>{""name""=>""npm""}, ""version""=>""3.10.10""}}",false,"",test-group260849/NodeGoat/101844119,CVSS:3.1/AV:N/AC:L/PR:L/UI:N/S:U/C:H/I:H/A:N=NVD; AV:N/AC:L/Au:S/C:P/I:P/A:N=NVD
Test-Group,NodeGoat,dependency_scanning,Gemnasium,detected,Uncontrolled Resource Consumption,The debug module is vulnerable to regular expression denial of service when untrusted user input is passed into the `o` formatter. It takes around k characters to block for 2 seconds making this a low severity issue.,,medium,CVE-2017-16137,,Gemnasium-90650124-5f0d-49bd-9819-a370df202231,2023-12-05 15:47:20 UTC,"{""file""=>""package-lock.json"", ""dependency""=>{""package""=>{""name""=>""debug""}, ""version""=>""2.2.0""}}",false,"",test-group260849/NodeGoat/101844120,CVSS:3.0/AV:N/AC:L/PR:N/UI:N/S:U/C:N/I:N/A:L=NVD; AV:N/AC:L/Au:N/C:N/I:N/A:P=NVD
Test-Group,NodeGoat,dependency_scanning,Gemnasium,detected,Improper Neutralization of Special Elements used in an OS Command ('OS Command Injection'),Improper Neutralization of Special Elements used in an OS Command ('OS Command Injection') in handlebars.,,unknown,,,GHSA-g9r4-xpmj-mj65; Gemnasium-381ed3e0-7eda-44db-8a0e-b216e3358012,2023-12-05 15:47:20 UTC,"{""file""=>""package-lock.json"", ""dependency""=>{""package""=>{""name""=>""handlebars""}, ""version""=>""4.0.5""}}",false,"",test-group260849/NodeGoat/101844121,""
Test-Group,NodeGoat,dependency_scanning,Gemnasium,detected,Regular Expression Denial of Service,"The primary function, `minimatch(path, pattern)` is vulnerable to ReDoS in the `pattern` parameter. This is because of the regular expression on line of minimatch.js: `/((?:\\{2})*)(\\?)\|/g,`. The problematic portion of the regex is `((?:\\{2})*)` which matches against `//`.",,unknown,,,Gemnasium-7d9ba955-fd99-4503-936e-f6833768f76e,2023-12-05 15:47:20 UTC,"{""file""=>""package-lock.json"", ""dependency""=>{""package""=>{""name""=>""minimatch""}, ""version""=>""0.3.0""}}",false,"",test-group260849/NodeGoat/101844122,""
Test-Group,NodeGoat,dependency_scanning,Gemnasium,detected,Denial of Service in handlebars,"Affected versions of `handlebars` are vulnerable to Denial of Service. The package's parser may be forced into an endless loop while processing specially-crafted templates. This may allow attackers to exhaust system resources leading to Denial of Service.


## Recommendation

Upgrade to version 4.4.5 or later.",,unknown,,,Gemnasium-af1dbac5-da24-4858-86af-a802508d0439; GHSA-f52g-6jhx-586p,2023-12-05 15:47:20 UTC,"{""file""=>""package-lock.json"", ""dependency""=>{""package""=>{""name""=>""handlebars""}, ""version""=>""4.0.5""}}",false,"",test-group260849/NodeGoat/101844123,""
Test-Group,NodeGoat,dependency_scanning,Gemnasium,detected,Access of Resource Using Incompatible Type (Type Confusion),This affects the package set-value A type confusion vulnerability can lead to a bypass of CVE-2019-10747 when the user-provided keys used in the path parameter are arrays.,,critical,CVE-2021-23440,,Gemnasium-396b5c2c-7e79-4020-962a-f1dd02766b4e,2023-12-05 15:47:20 UTC,"{""file""=>""package-lock.json"", ""dependency""=>{""package""=>{""name""=>""set-value""}, ""version""=>""0.4.3""}}",false,"",test-group260849/NodeGoat/101844124,CVSS:3.1/AV:N/AC:L/PR:N/UI:N/S:U/C:H/I:H/A:H=NVD; AV:N/AC:L/Au:N/C:P/I:P/A:P=NVD
Test-Group,NodeGoat,dependency_scanning,Gemnasium,detected,Improper Neutralization of Special Elements in Output Used by a Downstream Component ('Injection'),"Versions of handlebars prior to 4.3.0 are vulnerable to Prototype Pollution leading to Remote Code Execution. Templates may alter an Object's __proto__ and __defineGetter__ properties, which may allow an attacker to execute arbitrary code through crafted payloads.",,critical,CVE-2019-19919,,GHSA-w457-6q6x-cgp9; Gemnasium-575de737-3d81-4c61-8e27-09157ec51380,2023-12-05 15:47:20 UTC,"{""file""=>""package-lock.json"", ""dependency""=>{""package""=>{""name""=>""handlebars""}, ""version""=>""4.0.5""}}",false,"",test-group260849/NodeGoat/101844125,CVSS:3.1/AV:N/AC:L/PR:N/UI:N/S:U/C:H/I:H/A:H=NVD; AV:N/AC:L/Au:N/C:P/I:P/A:P=NVD
Test-Group,NodeGoat,dependency_scanning,Gemnasium,detected,Uncontrolled Resource Consumption,"set-value is vulnerable to Prototype Pollution. The function `mixin-deep` could be tricked into adding or modifying properties of `Object.prototype` using any of the constructor, prototype and `_proto_` payloads.",,critical,CVE-2019-10747,,Gemnasium-6f541fe7-9711-457a-8003-a52d8650b66f,2023-12-05 15:47:20 UTC,"{""file""=>""package-lock.json"", ""dependency""=>{""package""=>{""name""=>""set-value""}, ""version""=>""0.4.3""}}",false,"",test-group260849/NodeGoat/101844126,CVSS:3.1/AV:N/AC:L/PR:N/UI:N/S:U/C:H/I:H/A:H=NVD; AV:N/AC:L/Au:N/C:P/I:P/A:P=NVD
Test-Group,NodeGoat,dependency_scanning,Gemnasium,detected,Inefficient Regular Expression Complexity,"The path-parse package is vulnerable to Regular Expression Denial of Service (ReDoS) via `splitDeviceRe`, `splitTailRe`, and `splitPathRe` regular expressions. ReDoS exhibits polynomial worst-case time complexity.",,high,CVE-2021-23343,,Gemnasium-356158af-4145-4c61-8ccf-9101a7feb1bd,2023-12-05 15:47:20 UTC,"{""file""=>""package-lock.json"", ""dependency""=>{""package""=>{""name""=>""path-parse""}, ""version""=>""1.0.5""}}",false,"",test-group260849/NodeGoat/101844127,CVSS:3.1/AV:N/AC:L/PR:N/UI:N/S:U/C:N/I:N/A:H=NVD; AV:N/AC:L/Au:N/C:N/I:N/A:P=NVD
Test-Group,NodeGoat,dependency_scanning,Gemnasium,detected,Cross-site Scripting,"In Bootstrap, XSS is possible in the data-container property of tooltip.",,medium,CVE-2018-14042,,Gemnasium-792456c3-933e-4bd2-a115-d8b0ec57dae6,2023-12-05 15:47:20 UTC,"{""file""=>""app/assets/vendor/bootstrap/bootstrap.js"", ""dependency""=>{""package""=>{""name""=>""bootstrap""}, ""version""=>""3.0.0""}}",false,"",test-group260849/NodeGoat/101844128,CVSS:3.0/AV:N/AC:L/PR:N/UI:R/S:C/C:L/I:L/A:N=NVD; AV:N/AC:M/Au:N/C:N/I:P/A:N=NVD
Test-Group,NodeGoat,dependency_scanning,Gemnasium,detected,Configuration Override in helmet-csp,"Versions of `helmet-csp` before to are vulnerable to a Configuration Override affecting the application's Content Security Policy (CSP). The package's browser sniffing for Firefox deletes the `default-src` CSP policy, which is the fallback policy. This allows an attacker to remove an application's default CSP, possibly rendering the application vulnerable to Cross-Site Scripting. Upgrade to or later. Setting the `browserSniff` configuration to `false` in vulnerable versions also mitigates the issue.",,unknown,,,GHSA-c3m8-x3cg-qm2c; Gemnasium-cf1cba36-6f5a-4903-99a8-f582f2e0e5fd,2023-12-05 15:47:20 UTC,"{""file""=>""package-lock.json"", ""dependency""=>{""package""=>{""name""=>""helmet-csp""}, ""version""=>""1.2.2""}}",false,"",test-group260849/NodeGoat/101844129,""
Test-Group,NodeGoat,dependency_scanning,Gemnasium,detected,Prototype Pollution,Prototype pollution vulnerability in 'getobject' allows an attacker to cause a denial of service and may lead to remote code execution.,,critical,CVE-2020-28282,,Gemnasium-bdf057b5-44b8-4baa-b2c8-102e4c03cd6f,2023-12-05 15:47:20 UTC,"{""file""=>""package-lock.json"", ""dependency""=>{""package""=>{""name""=>""getobject""}, ""version""=>""0.1.0""}}",false,"",test-group260849/NodeGoat/101844130,CVSS:3.1/AV:N/AC:L/PR:N/UI:N/S:U/C:H/I:H/A:H=NVD; AV:N/AC:L/Au:N/C:P/I:P/A:P=NVD
Test-Group,NodeGoat,dependency_scanning,Gemnasium,detected,Improperly Controlled Modification of Object Prototype Attributes ('Prototype Pollution'),"qs before 6.10.3, as used in Express before 4.17.3 and other products, allows attackers to cause a Node process hang for an Express application because an __ proto__ key can be used. In many typical Express use cases, an unauthenticated remote attacker can place the attack payload in the query string of the URL that is used to visit the application, such as a[__proto__]=b&a[__proto__]&a[length]=100000000. The fix was backported to qs 6.9.7, 6.8.3, 6.7.3, 6.6.1, 6.5.3, 6.4.1, 6.3.3, and 6.2.4 (and therefore Express 4.17.3, which has ""deps: qs@6.9.7"" in its release description, is not vulnerable).",,high,CVE-2022-24999,,Gemnasium-6311889c-6658-48b2-8c85-58502f70827c,2023-12-05 15:47:20 UTC,"{""file""=>""package-lock.json"", ""dependency""=>{""package""=>{""name""=>""qs""}, ""version""=>""0.6.6""}}",false,"",test-group260849/NodeGoat/101844131,CVSS:3.1/AV:N/AC:L/PR:N/UI:N/S:U/C:N/I:N/A:H=NVD
Test-Group,NodeGoat,dependency_scanning,Gemnasium,detected,Inefficient Regular Expression Complexity,"The regular expression `inline.reflinkSearch` may cause catastrophic backtracking against some strings and lead to a denial of service (DoS). Anyone who runs untrusted markdown through a vulnerable version of marked and does not use a worker with a time limit may be affected. This issue is patched As a workaround, avoid running untrusted markdown through marked or run marked on a worker thread and set a reasonable time limit to prevent draining resources.",,high,CVE-2022-21681,,Gemnasium-e5de98e5-782b-44f7-b968-ecb291ddf745; GHSA-5v2h-r2cx-5xgj,2023-12-05 15:47:20 UTC,"{""file""=>""package-lock.json"", ""dependency""=>{""package""=>{""name""=>""marked""}, ""version""=>""0.3.5""}}",false,"",test-group260849/NodeGoat/101844132,CVSS:3.1/AV:N/AC:L/PR:N/UI:N/S:U/C:N/I:N/A:H=NVD; AV:N/AC:L/Au:N/C:N/I:N/A:P=NVD
Test-Group,NodeGoat,dependency_scanning,Gemnasium,detected,Denial-of-Service Extended Event Loop Blocking in qs,"The qs module before 1.0.0 does not have an option or default for specifying object depth and when parsing a string representing a deeply nested object will block the event loop for long periods of time. An attacker could leverage this to cause a temporary denial-of-service condition, for example, in a web application, other requests would not be processed while this blocking is occurring.",,high,CVE-2014-10064,,Gemnasium-f9156f95-ada1-4621-9eed-7b2bbea61542; GHSA-f9cm-p3w6-xvr3,2023-12-05 15:47:20 UTC,"{""file""=>""package-lock.json"", ""dependency""=>{""package""=>{""name""=>""qs""}, ""version""=>""0.6.6""}}",false,"",test-group260849/NodeGoat/101844133,CVSS:3.0/AV:N/AC:L/PR:N/UI:N/S:U/C:N/I:N/A:H=NVD; AV:N/AC:L/Au:N/C:N/I:N/A:P=NVD
Test-Group,NodeGoat,dependency_scanning,Gemnasium,detected,Improper Limitation of a Pathname to a Restricted Directory ('Path Traversal'),"The npm package ""tar"" (aka node-tar) has an arbitrary file creation/overwrite and arbitrary code execution vulnerability. node-tar aims to guarantee that any file whose location would be outside of the extraction target directory is not extracted.",,high,CVE-2021-37713,,Gemnasium-0d9593eb-b60c-4660-be63-86a74d5fe541; GHSA-5955-9wpr-37jh,2023-12-05 15:47:20 UTC,"{""file""=>""package-lock.json"", ""dependency""=>{""package""=>{""name""=>""tar""}, ""version""=>""2.2.1""}}",false,"",test-group260849/NodeGoat/101844134,CVSS:3.1/AV:L/AC:L/PR:N/UI:R/S:C/C:H/I:H/A:H=NVD; AV:L/AC:M/Au:N/C:P/I:P/A:P=NVD
Test-Group,NodeGoat,dependency_scanning,Gemnasium,detected,Uncontrolled Resource Consumption,The mime module is vulnerable to regular expression denial of service when a mime lookup is performed on untrusted user input.,,high,CVE-2017-16138,,Gemnasium-f0977c0b-d487-40b1-a505-cda9037cac51,2023-12-05 15:47:20 UTC,"{""file""=>""package-lock.json"", ""dependency""=>{""package""=>{""name""=>""mime""}, ""version""=>""1.2.11""}}",false,"",test-group260849/NodeGoat/101844135,CVSS:3.0/AV:N/AC:L/PR:N/UI:N/S:U/C:N/I:N/A:H=NVD; AV:N/AC:L/Au:N/C:N/I:N/A:P=NVD
Test-Group,NodeGoat,dependency_scanning,Gemnasium,detected,Improper Link Resolution Before File Access ('Link Following'),"A vulnerability was found in node-tar before version 4.4.2 (excluding version 2.2.2). An Arbitrary File Overwrite issue exists when extracting a tarball containing a hardlink to a file that already exists on the system, in conjunction with a later plain file with the same name as the hardlink. This plain file content replaces the existing file content. A patch has been applied to node-tar v2.2.2).",,high,CVE-2018-20834,,Gemnasium-fb1ee158-ac77-4b95-bfa8-9eb1c99a2ba4; GHSA-j44m-qm6p-hp7m,2023-12-05 15:47:20 UTC,"{""file""=>""package-lock.json"", ""dependency""=>{""package""=>{""name""=>""tar""}, ""version""=>""2.2.1""}}",false,"",test-group260849/NodeGoat/101844136,CVSS:3.0/AV:N/AC:L/PR:N/UI:N/S:U/C:N/I:H/A:N=NVD; AV:N/AC:L/Au:N/C:N/I:P/A:P=NVD
Test-Group,NodeGoat,dependency_scanning,Gemnasium,detected,Improperly Controlled Modification of Dynamically-Determined Object Attributes,json-schema is vulnerable to Improperly Controlled Modification of Object Prototype Attributes ('Prototype Pollution'),,critical,CVE-2021-3918,,Gemnasium-f9634854-aeb7-47bc-a325-450a86202b86,2023-12-05 15:47:20 UTC,"{""file""=>""package-lock.json"", ""dependency""=>{""package""=>{""name""=>""json-schema""}, ""version""=>""0.2.3""}}",false,"",test-group260849/NodeGoat/101844137,CVSS:3.1/AV:N/AC:L/PR:N/UI:N/S:U/C:H/I:H/A:H=NVD; AV:N/AC:L/Au:N/C:P/I:P/A:P=NVD
Test-Group,NodeGoat,dependency_scanning,Gemnasium,detected,Improperly Controlled Modification of Object Prototype Attributes ('Prototype Pollution'),"This affects the package nconf before 0.11.4. When using the memory engine, it is possible to store a nested JSON representation of the configuration. The `.set()` function, that is responsible for setting the configuration properties, is vulnerable to Prototype Pollution. By providing a crafted property, it is possible to modify the properties on the `Object.prototype`.",,high,CVE-2022-21803,,Gemnasium-7f657111-6ffc-42bb-a784-7b3e08cc9943; GHSA-6xwr-q98w-rvg7,2023-12-05 15:47:20 UTC,"{""file""=>""package-lock.json"", ""dependency""=>{""package""=>{""name""=>""nconf""}, ""version""=>""0.10.0""}}",false,"",test-group260849/NodeGoat/101844138,CVSS:3.1/AV:N/AC:L/PR:N/UI:N/S:U/C:N/I:H/A:N=NVD; AV:N/AC:L/Au:N/C:N/I:P/A:N=NVD
Test-Group,NodeGoat,dependency_scanning,Gemnasium,detected,Exceeding Stack Call Limit DoS,"A lowercasing logic is used on the attribute names. Because of this, boolean attributes whose names are not all lowercase cause infinite recursion, and will exceed the stack call limit.",,unknown,,,Gemnasium-2e35e0f3-7716-4241-a56a-44025f0d66cb,2023-12-05 15:47:20 UTC,"{""file""=>""app/assets/vendor/jquery.min.js"", ""dependency""=>{""package""=>{""name""=>""jquery""}, ""version""=>""1.10.2""}}",false,"",test-group260849/NodeGoat/101844139,""
Test-Group,NodeGoat,dependency_scanning,Gemnasium,detected,Cross-site Scripting,"In jQuery, passing HTML containing `<option>` elements from untrusted sources, even after sanitizing it, to one of jQuery's DOM manipulation methods (i.e., `.html()`, `.append()`, and others) may execute untrusted code.",,medium,CVE-2020-11023,,Gemnasium-1d85b518-81f3-4e17-8375-08ad1531bce1; GHSA-jpcq-cgw6-v4j6,2023-12-05 15:47:20 UTC,"{""file""=>""app/assets/vendor/jquery.min.js"", ""dependency""=>{""package""=>{""name""=>""jquery""}, ""version""=>""1.10.2""}}",false,"",test-group260849/NodeGoat/101844140,CVSS:3.1/AV:N/AC:L/PR:N/UI:R/S:C/C:L/I:L/A:N=NVD; AV:N/AC:M/Au:N/C:N/I:P/A:N=NVD
Test-Group,NodeGoat,dependency_scanning,Gemnasium,detected,Regular Expression Denial of Service,The mime module is vulnerable to regular expression denial of service when a mime lookup is performed on untrusted user input.,,unknown,,,Gemnasium-6c482efa-d68b-44eb-97d3-c2bf5fd542be,2023-12-05 15:47:20 UTC,"{""file""=>""package-lock.json"", ""dependency""=>{""package""=>{""name""=>""mime""}, ""version""=>""1.2.11""}}",false,"",test-group260849/NodeGoat/101844141,""
Test-Group,NodeGoat,dependency_scanning,Gemnasium,detected,Cross-site Scripting,"In Bootstrap, XSS is possible in the affix configuration target property.",,medium,CVE-2018-20677,,Gemnasium-9959187c-31b6-4a7b-81c3-e313633b06f1,2023-12-05 15:47:20 UTC,"{""file""=>""app/assets/vendor/bootstrap/bootstrap.js"", ""dependency""=>{""package""=>{""name""=>""bootstrap""}, ""version""=>""3.0.0""}}",false,"",test-group260849/NodeGoat/101844142,CVSS:3.0/AV:N/AC:L/PR:N/UI:R/S:C/C:L/I:L/A:N=NVD; AV:N/AC:M/Au:N/C:N/I:P/A:N=NVD
Test-Group,NodeGoat,dependency_scanning,Gemnasium,detected,Command Injection,All versions of package lodash; all versions of package `org.fujion.webjars:lodash` is vulnerable to Command Injection via template.,,high,CVE-2021-23337,,Gemnasium-e5737c01-5af2-4fe9-99c0-c232d7960f2b,2023-12-05 15:47:20 UTC,"{""file""=>""package-lock.json"", ""dependency""=>{""package""=>{""name""=>""lodash""}, ""version""=>""2.4.2""}}",false,"",test-group260849/NodeGoat/101844143,CVSS:3.1/AV:N/AC:L/PR:H/UI:N/S:U/C:H/I:H/A:H=NVD; AV:N/AC:L/Au:S/C:P/I:P/A:P=NVD
Test-Group,NodeGoat,dependency_scanning,Gemnasium,detected,Improper Limitation of a Pathname to a Restricted Directory ('Path Traversal'),"The npm package ""tar"" (aka node-tar) before versions 6.1.2, 5.0.7, 4.4.15, and 3.2.3 has an arbitrary File Creation/Overwrite vulnerability via insufficient symlink protection. `node-tar` aims to guarantee that any file whose location would be modified by a symbolic link is not extracted. This is, in part, achieved by ensuring that extracted directories are not symlinks. Additionally, in order to prevent unnecessary `stat` calls to determine whether a given path is a directory, paths are cached when directories are created. This logic was insufficient when extracting tar files that contained both a directory and a symlink with the same name as the directory. This order of operations resulted in the directory being created and added to the `node-tar` directory cache. When a directory is present in the directory cache, subsequent calls to mkdir for that directory are skipped. However, this is also where `node-tar` checks for symlinks occur. By first creating a directory, and then replacing that directory with a symlink, it was thus possible to bypass `node-tar` symlink checks on directories, essentially allowing an untrusted tar file to symlink into an arbitrary location and subsequently extracting arbitrary files into that location, thus allowing arbitrary file creation and overwrite. This issue was addressed in releases 3.2.3, 4.4.15, 5.0.7 and 6.1.2.",,high,CVE-2021-32803,,Gemnasium-b13c3e6a-7d7b-47d5-bb58-8aa9f6ea7ad1; GHSA-r628-mhmh-qjhw,2023-12-05 15:47:20 UTC,"{""file""=>""package-lock.json"", ""dependency""=>{""package""=>{""name""=>""tar""}, ""version""=>""2.2.1""}}",false,"",test-group260849/NodeGoat/101844144,CVSS:3.1/AV:N/AC:L/PR:N/UI:R/S:U/C:N/I:H/A:H=NVD; AV:N/AC:M/Au:N/C:N/I:P/A:P=NVD
Test-Group,NodeGoat,dependency_scanning,Gemnasium,detected,XSS,"When text/javascript responses are received from cross-origin ajax requests not containing the option `dataType`, the result is executed in `jQuery.globalEval` potentially allowing an attacker to execute arbitrary code on the origin.",,unknown,,,Gemnasium-64559551-a08a-4af6-ab2e-80980dbfbf7d,2023-12-05 15:47:20 UTC,"{""file""=>""app/assets/vendor/jquery.min.js"", ""dependency""=>{""package""=>{""name""=>""jquery""}, ""version""=>""1.10.2""}}",false,"",test-group260849/NodeGoat/101844145,""
Test-Group,NodeGoat,dependency_scanning,Gemnasium,detected,Memory Exposure in tunnel-agent,"Versions of `tunnel-agent` are vulnerable to memory exposure.

This is exploitable if user supplied input is provided to the auth value and is a number.

Proof-of-concept:
```js
require('request')({
 method: 'GET',
 uri: 'http://www.example.com',
 tunnel: true,
 proxy:{
 protocol: 'http:',
 host:'127.0.0.1',
 port:8080,
 auth:USERSUPPLIEDINPUT // number
 }
});
``` Update to or later.",,unknown,,,GHSA-xc7v-wxcw-j472; Gemnasium-72536a02-8dbb-40d5-9f29-cae43c5d8da7,2023-12-05 15:47:20 UTC,"{""file""=>""package-lock.json"", ""dependency""=>{""package""=>{""name""=>""tunnel-agent""}, ""version""=>""0.4.3""}}",false,"",test-group260849/NodeGoat/101844146,""
Test-Group,NodeGoat,dependency_scanning,Gemnasium,detected,Regular Expression DoS,brace expansion is vulnerable to Regular Expression Denial of Service attacks.,,unknown,,,Gemnasium-8afb86ca-4a5e-4803-abcc-c9988ef61abf,2023-12-05 15:47:20 UTC,"{""file""=>""package-lock.json"", ""dependency""=>{""package""=>{""name""=>""brace-expansion""}, ""version""=>""1.1.6""}}",false,"",test-group260849/NodeGoat/101844147,""
Test-Group,NodeGoat,dependency_scanning,Gemnasium,detected,Regular Expression Denial of Service,uglify-js is vulnerable to regular expression denial of service (ReDoS) when certain types of input is passed into .parse(). A regular expression leading to a very long processing time can be used to make the program hang for a very long time.,,high,CVE-2015-8858,,Gemnasium-e6f107fa-84e2-4718-b30e-d900c9c4aa9e,2023-12-05 15:47:20 UTC,"{""file""=>""package-lock.json"", ""dependency""=>{""package""=>{""name""=>""uglify-js""}, ""version""=>""2.4.24""}}",false,"",test-group260849/NodeGoat/101844148,CVSS:3.0/AV:N/AC:L/PR:N/UI:N/S:U/C:N/I:N/A:H=NVD; AV:N/AC:L/Au:N/C:N/I:N/A:C=NVD
Test-Group,NodeGoat,dependency_scanning,Gemnasium,detected,Time-of-check Time-of-use (TOCTOU) Race Condition,file.copy operations in GruntJS is vulnerable to a TOCTOU race condition leading to arbitrary file write in GitHub repository gruntjs/grunt prior to 1.5.3. This vulnerability is capable of arbitrary file writes which can lead to local privilege escalation to the GruntJS user if a lower-privileged user has write access to both source and destination directories as the lower-privileged user can create a symlink to the GruntJS user's .bashrc file or replace /etc/shadow file if the GruntJS user is root.,,high,CVE-2022-1537,,Gemnasium-805f980b-db50-4adc-8e44-ca27dc57bb17,2023-12-05 15:47:20 UTC,"{""file""=>""package-lock.json"", ""dependency""=>{""package""=>{""name""=>""grunt""}, ""version""=>""1.0.3""}}",false,"",test-group260849/NodeGoat/101844149,CVSS:3.1/AV:L/AC:H/PR:L/UI:N/S:U/C:H/I:H/A:H=NVD; AV:L/AC:M/Au:N/C:C/I:C/A:C=NVD
Test-Group,NodeGoat,dependency_scanning,Gemnasium,detected,Improper Control of Generation of Code ('Code Injection'),"Handlebars before 3.0.8 and 4.x before 4.5.3 is vulnerable to Arbitrary Code Execution. The lookup helper fails to properly validate templates, allowing attackers to submit templates that execute arbitrary JavaScript. This can be used to run arbitrary code on a server processing Handlebars templates or in a victim's browser (effectively serving as XSS).",,high,CVE-2019-20920,,GHSA-3cqr-58rm-57f8; Gemnasium-2a116fa0-3b19-410b-a8d6-7a896f7665ba,2023-12-05 15:47:20 UTC,"{""file""=>""package-lock.json"", ""dependency""=>{""package""=>{""name""=>""handlebars""}, ""version""=>""4.0.5""}}",false,"",test-group260849/NodeGoat/101844150,CVSS:3.1/AV:N/AC:H/PR:N/UI:N/S:C/C:H/I:L/A:L=NVD; AV:N/AC:M/Au:N/C:P/I:P/A:P=NVD
Test-Group,NodeGoat,dependency_scanning,Gemnasium,detected,Denial of Service in js-yaml,"Versions of `js-yaml` prior to 3.13.0 are vulnerable to Denial of Service. By parsing a carefully-crafted YAML file, the node process stalls and may exhaust system resources leading to a Denial of Service.


## Recommendation

Upgrade to version 3.13.0.",,unknown,,,Gemnasium-b3f87938-e381-4599-92d0-a687a80addd9; GHSA-2pr6-76vf-7546,2023-12-05 15:47:20 UTC,"{""file""=>""package-lock.json"", ""dependency""=>{""package""=>{""name""=>""js-yaml""}, ""version""=>""3.5.5""}}",false,"",test-group260849/NodeGoat/101844151,""
Test-Group,NodeGoat,dependency_scanning,Gemnasium,detected,Code Injection,"The underscore package is are vulnerable to Arbitrary Code Injection via the template function, particularly when a variable property is passed as an argument as it is not sanitized.",,high,CVE-2021-23358,,Gemnasium-8a3c5e90-404a-48ab-a4a4-d1287d5e694f,2023-12-05 15:47:20 UTC,"{""file""=>""package-lock.json"", ""dependency""=>{""package""=>{""name""=>""underscore""}, ""version""=>""1.8.3""}}",false,"",test-group260849/NodeGoat/101844152,CVSS:3.1/AV:N/AC:L/PR:H/UI:N/S:U/C:H/I:H/A:H=NVD; AV:N/AC:L/Au:S/C:P/I:P/A:P=NVD
Test-Group,NodeGoat,dependency_scanning,Gemnasium,detected,Prototype Pollution,"If an attacker submits a malicious `INI` file to an application that parses it with `ini.parse`, they will pollute the prototype on the application. This can be exploited further depending on the context.",,high,CVE-2020-7788,,Gemnasium-ad08b2d8-6544-4011-9f7d-1c9f1afba029,2023-12-05 15:47:20 UTC,"{""file""=>""package-lock.json"", ""dependency""=>{""package""=>{""name""=>""ini""}, ""version""=>""1.3.4""}}",false,"",test-group260849/NodeGoat/101844153,CVSS:3.1/AV:N/AC:L/PR:N/UI:N/S:U/C:L/I:L/A:L=NVD; AV:N/AC:L/Au:N/C:P/I:P/A:P=NVD
Test-Group,NodeGoat,dependency_scanning,Gemnasium,detected,Inefficient Regular Expression Complexity,"The regular expression `block.def` may cause catastrophic backtracking against some strings and lead to a regular expression denial of service (ReDoS). Anyone who runs untrusted markdown through a vulnerable version of marked and does not use a worker with a time limit may be affected. This issue is patched As a workaround, avoid running untrusted markdown through marked or run marked on a worker thread and set a reasonable time limit to prevent draining resources.",,high,CVE-2022-21680,,GHSA-rrrm-qjm4-v8hf; Gemnasium-dc02f221-a495-47d1-9841-0b4dbd4a2ba3,2023-12-05 15:47:20 UTC,"{""file""=>""package-lock.json"", ""dependency""=>{""package""=>{""name""=>""marked""}, ""version""=>""0.3.5""}}",false,"",test-group260849/NodeGoat/101844154,CVSS:3.1/AV:N/AC:L/PR:N/UI:N/S:U/C:N/I:N/A:H=NVD; AV:N/AC:L/Au:N/C:N/I:N/A:P=NVD
Test-Group,NodeGoat,dependency_scanning,Gemnasium,detected,Uncontrolled Resource Consumption,This affects the package npm-user-validate The regex that validates user emails took exponentially longer to process long input strings beginning with `@` characters.,,high,CVE-2020-7754,,Gemnasium-1673fa49-9d59-4511-8859-f7e2a89af59a; GHSA-xgh6-85xh-479p,2023-12-05 15:47:20 UTC,"{""file""=>""package-lock.json"", ""dependency""=>{""package""=>{""name""=>""npm-user-validate""}, ""version""=>""0.1.5""}}",false,"",test-group260849/NodeGoat/101844155,CVSS:3.1/AV:N/AC:L/PR:N/UI:N/S:U/C:N/I:N/A:H=NVD; AV:N/AC:L/Au:N/C:N/I:N/A:P=NVD
Test-Group,NodeGoat,dependency_scanning,Gemnasium,detected,Improper Neutralization of Special Elements in Output Used by a Downstream Component ('Injection'),undefsafe is vulnerable to Prototype Pollution. The 'a' function could be tricked into adding or modifying properties of Object.prototype using a __proto__ payload.,,medium,CVE-2019-10795,,Gemnasium-d800cbd6-f703-47a4-9529-54c2ff3674de; GHSA-332q-7ff2-57h2,2023-12-05 15:47:20 UTC,"{""file""=>""package-lock.json"", ""dependency""=>{""package""=>{""name""=>""undefsafe""}, ""version""=>""2.0.2""}}",false,"",test-group260849/NodeGoat/101844156,CVSS:3.1/AV:N/AC:L/PR:L/UI:N/S:U/C:L/I:L/A:L=NVD; AV:N/AC:L/Au:S/C:P/I:P/A:P=NVD
Test-Group,NodeGoat,dependency_scanning,Gemnasium,detected,Insecure Default Initialization of Resource,The package grunt is vulnerable to Arbitrary Code Execution due to the default usage of the function `load()` instead of its secure replacement `safeLoad()` of the package js-yaml inside `grunt.file.readYAML`.`,,high,CVE-2020-7729,,Gemnasium-e549ff85-1857-4107-86f5-935ebeee28af,2023-12-05 15:47:20 UTC,"{""file""=>""package-lock.json"", ""dependency""=>{""package""=>{""name""=>""grunt""}, ""version""=>""1.0.3""}}",false,"",test-group260849/NodeGoat/101844157,CVSS:3.1/AV:N/AC:H/PR:L/UI:R/S:U/C:H/I:H/A:H=NVD; AV:N/AC:H/Au:S/C:P/I:P/A:P=NVD
Test-Group,NodeGoat,dependency_scanning,Gemnasium,detected,Inefficient Regular Expression Complexity,"Versions of the package semver before 7.5.2 is vulnerable to Regular Expression Denial of Service (ReDoS) via the function new Range, when untrusted user data is provided as a range.",,high,CVE-2022-25883,,Gemnasium-ce51134c-efb7-4379-9eec-f3e1b97d84c2,2023-12-05 15:47:20 UTC,"{""file""=>""package-lock.json"", ""dependency""=>{""package""=>{""name""=>""semver""}, ""version""=>""5.3.0""}}",false,"",test-group260849/NodeGoat/101844158,CVSS:3.1/AV:N/AC:L/PR:N/UI:N/S:U/C:N/I:N/A:H=NVD
Test-Group,NodeGoat,dependency_scanning,Gemnasium,detected,Moderate severity vulnerability that affects marked,** REJECT **  DO NOT USE THIS CANDIDATE NUMBER.  ConsultIDs: none.  Reason: This candidate was withdrawn by its CNA.  Further investigation showed that it was not a security issue.  Notes: none.,,unknown,CVE-2017-17461,,Gemnasium-315c2b51-ec49-4df8-ab44-180ed6789193; GHSA-crmx-v835-hcp4,2023-12-05 15:47:20 UTC,"{""file""=>""package-lock.json"", ""dependency""=>{""package""=>{""name""=>""marked""}, ""version""=>""0.3.5""}}",false,"",test-group260849/NodeGoat/101844159,""
Test-Group,NodeGoat,dependency_scanning,Gemnasium,detected,Improper Input Validation,This affects the package y18n,,high,CVE-2020-7774,,Gemnasium-31e64be8-0a39-4d06-a5b3-830c3920b9a4,2023-12-05 15:47:20 UTC,"{""file""=>""package-lock.json"", ""dependency""=>{""package""=>{""name""=>""y18n""}, ""version""=>""3.2.1""}}",false,"",test-group260849/NodeGoat/101844160,CVSS:3.1/AV:N/AC:L/PR:N/UI:N/S:U/C:L/I:L/A:L=NVD; AV:N/AC:L/Au:N/C:P/I:P/A:P=NVD
Test-Group,NodeGoat,dependency_scanning,Gemnasium,detected,Uncontrolled Resource Consumption,"The marked module is vulnerable to a regular expression denial of service. Based on the information published in the public issue, 1k characters can block for around 6 seconds.",,high,CVE-2017-16114,,Gemnasium-88255d19-20d6-46e1-bc5d-9019bae259b3,2023-12-05 15:47:20 UTC,"{""file""=>""package-lock.json"", ""dependency""=>{""package""=>{""name""=>""marked""}, ""version""=>""0.3.5""}}",false,"",test-group260849/NodeGoat/101844161,CVSS:3.0/AV:N/AC:L/PR:N/UI:N/S:U/C:N/I:N/A:H=NVD; AV:N/AC:L/Au:N/C:N/I:N/A:P=NVD
Test-Group,NodeGoat,dependency_scanning,Gemnasium,detected,Argument Injection or Modification,mixin-deep is vulnerable to Prototype Pollution. The function mixin-deep could be tricked into adding or modifying properties of `Object.prototype` using a constructor payload.,,critical,CVE-2019-10746,,Gemnasium-04af00f2-3b09-4656-9f4b-bcb2f4ef3db1,2023-12-05 15:47:20 UTC,"{""file""=>""package-lock.json"", ""dependency""=>{""package""=>{""name""=>""mixin-deep""}, ""version""=>""1.3.1""}}",false,"",test-group260849/NodeGoat/101844162,CVSS:3.1/AV:N/AC:L/PR:N/UI:N/S:U/C:H/I:H/A:H=NVD; AV:N/AC:L/Au:N/C:P/I:P/A:P=NVD
Test-Group,NodeGoat,dependency_scanning,Gemnasium,detected,Uncontrolled Resource Consumption,The enclosure regex used to check for strings ending in enclosure containing path separator.,,high,CVE-2020-28469,,Gemnasium-eb0cceb8-a804-421e-b29a-f49647c261ed,2023-12-05 15:47:20 UTC,"{""file""=>""package-lock.json"", ""dependency""=>{""package""=>{""name""=>""glob-parent""}, ""version""=>""2.0.0""}}",false,"",test-group260849/NodeGoat/101844163,CVSS:3.1/AV:N/AC:L/PR:N/UI:N/S:U/C:N/I:N/A:H=NVD; AV:N/AC:L/Au:N/C:N/I:N/A:P=NVD
Test-Group,NodeGoat,dependency_scanning,Gemnasium,detected,Regular Expression Denial of Service,"A vulnerability was found in the minimatch package. This flaw allows a Regular Expression Denial of Service (ReDoS) when calling the braceExpand function with specific arguments, resulting in a Denial of Service.",,high,CVE-2022-3517,,Gemnasium-3315cba1-b614-499b-b797-7444ab664f89,2023-12-05 15:47:20 UTC,"{""file""=>""package-lock.json"", ""dependency""=>{""package""=>{""name""=>""minimatch""}, ""version""=>""0.3.0""}}",false,"",test-group260849/NodeGoat/101844164,CVSS:3.1/AV:N/AC:L/PR:N/UI:N/S:U/C:N/I:N/A:H=NVD
Test-Group,NodeGoat,dependency_scanning,Gemnasium,detected,Server-Side Request Forgery in Request,"The Request package through 2.88.1 for Node.js allows a bypass of SSRF mitigations via an attacker-controller server that does a cross-protocol redirect (HTTP to HTTPS, or HTTPS to HTTP). NOTE: This vulnerability only affects products that are no longer supported by the maintainer.",,medium,CVE-2023-28155,,Gemnasium-cf6400c1-d761-434d-ae82-ee40d738a99a; GHSA-p8p7-x288-28g6,2023-12-05 15:47:20 UTC,"{""file""=>""package-lock.json"", ""dependency""=>{""package""=>{""name""=>""request""}, ""version""=>""2.36.0""}}",false,"",test-group260849/NodeGoat/101844165,CVSS:3.1/AV:N/AC:L/PR:N/UI:R/S:C/C:L/I:L/A:N=NVD
Test-Group,NodeGoat,dependency_scanning,Gemnasium,detected,Improper Input Validation,"The primary function, `minimatch(path, pattern)` in Minimatch is vulnerable to ReDoS in the `pattern` parameter.",,high,CVE-2016-10540,,Gemnasium-01f35b2f-9d0f-4ede-b329-7d9aa2b5cf0b,2023-12-05 15:47:20 UTC,"{""file""=>""package-lock.json"", ""dependency""=>{""package""=>{""name""=>""minimatch""}, ""version""=>""0.3.0""}}",false,"",test-group260849/NodeGoat/101844166,CVSS:3.0/AV:N/AC:L/PR:N/UI:N/S:U/C:N/I:N/A:H=NVD; AV:N/AC:L/Au:N/C:N/I:N/A:P=NVD
Test-Group,NodeGoat,dependency_scanning,Gemnasium,detected,Denial of Service in mongodb,"Versions of `mongodb` are vulnerable to Denial of Service. The package fails to properly catch an exception when a collection name is invalid and the DB does not exist, crashing the application. Upgrade to or later.",,unknown,,,Gemnasium-e8978603-dd78-4b0e-a49a-1963d56c2bdd; GHSA-mh5c-679w-hh4r,2023-12-05 15:47:20 UTC,"{""file""=>""package-lock.json"", ""dependency""=>{""package""=>{""name""=>""mongodb""}, ""version""=>""2.2.36""}}",false,"",test-group260849/NodeGoat/101844167,""
Test-Group,NodeGoat,dependency_scanning,Gemnasium,detected,Remote Memory Exposure,"If a request is made using `multipart`, and the body type is a `number`, then the specified number of non-zero memory is passed in the body.",,unknown,,,Gemnasium-04e24d91-9ce3-437b-a24d-7e9d3ec9f447,2023-12-05 15:47:20 UTC,"{""file""=>""package-lock.json"", ""dependency""=>{""package""=>{""name""=>""request""}, ""version""=>""2.36.0""}}",false,"",test-group260849/NodeGoat/101844168,""
Test-Group,NodeGoat,dependency_scanning,Gemnasium,detected,Cross-site Scripting,"In jQuery, passing HTML from untrusted sources, even after sanitizing it, to one of jQuery's DOM manipulation methods (i.e., `.html()`, `.append()`, and others) may execute untrusted code.",,medium,CVE-2020-11022,,GHSA-gxr4-xjj5-5px2; Gemnasium-fd4f9aca-c215-4d5d-a6b0-13f34d3df383,2023-12-05 15:47:22 UTC,"{""file""=>""app/assets/vendor/jquery.min.js"", ""dependency""=>{""package""=>{""name""=>""jquery""}, ""version""=>""1.10.2""}}",false,"",test-group260849/NodeGoat/101844219,CVSS:3.1/AV:N/AC:L/PR:N/UI:R/S:C/C:L/I:L/A:N=NVD; AV:N/AC:M/Au:N/C:N/I:P/A:N=NVD
Test-Group,NodeGoat,dependency_scanning,Gemnasium,detected,ReDoS via long string of semicolons,"Tough-cookie contain a vulnerable regular expression that, under certain conditions involving long strings of semicolons in the ""Set-Cookie"" header, causes the event loop to block for excessive amounts of time.",,unknown,,,Gemnasium-36b46ab6-52c1-4d36-bf44-beb4e86cce41,2023-12-05 15:47:22 UTC,"{""file""=>""package-lock.json"", ""dependency""=>{""package""=>{""name""=>""tough-cookie""}, ""version""=>""2.2.2""}}",false,"",test-group260849/NodeGoat/101844220,""
Test-Group,NodeGoat,dependency_scanning,Gemnasium,detected,Out-of-bounds Read,"A buffer over-read vulnerability exists in bl which could allow an attacker to supply user input (even typed) that if it ends up in `consume()` argument and can become negative, the BufferList state can be corrupted, tricking it into exposing uninitialized memory via regular `.slice()` calls.",,medium,CVE-2020-8244,,Gemnasium-5c803f2c-d546-484b-bb75-8d3dc9140e08,2023-12-05 15:47:22 UTC,"{""file""=>""package-lock.json"", ""dependency""=>{""package""=>{""name""=>""bl""}, ""version""=>""1.0.3""}}",false,"",test-group260849/NodeGoat/101844221,CVSS:3.1/AV:N/AC:L/PR:N/UI:N/S:U/C:L/I:N/A:L=NVD; AV:N/AC:L/Au:N/C:P/I:N/A:P=NVD
Test-Group,NodeGoat,dependency_scanning,Gemnasium,detected,Regular Expression Denial of Service,Specifically crafted long headers or uris can cause a minor denial of service.,,high,CVE-2016-2515,,Gemnasium-e33d0bab-2509-420f-950e-785c00309066,2023-12-05 15:47:22 UTC,"{""file""=>""package-lock.json"", ""dependency""=>{""package""=>{""name""=>""hawk""}, ""version""=>""1.0.0""}}",false,"",test-group260849/NodeGoat/101844222,CVSS:3.0/AV:N/AC:L/PR:N/UI:N/S:U/C:N/I:N/A:H=NVD; AV:N/AC:L/Au:N/C:N/I:N/A:C=NVD
Test-Group,NodeGoat,dependency_scanning,Gemnasium,detected,Incorrect Comparison,inflect is vulnerable to Inefficient Regular Expression Complexity,,high,CVE-2021-3820,,GHSA-x55w-vjjp-222r; Gemnasium-e0eb9f8a-baca-46b4-9fb2-44064e20f282,2023-12-05 15:47:22 UTC,"{""file""=>""package-lock.json"", ""dependency""=>{""package""=>{""name""=>""i""}, ""version""=>""0.3.6""}}",false,"",test-group260849/NodeGoat/101844223,CVSS:3.1/AV:N/AC:L/PR:N/UI:N/S:U/C:N/I:N/A:H=NVD; AV:N/AC:L/Au:N/C:N/I:N/A:P=NVD
Test-Group,NodeGoat,dependency_scanning,Gemnasium,detected,Improperly Controlled Modification of Object Prototype Attributes ('Prototype Pollution'),Versions of the package tough-cookie before 4.1.3 is vulnerable to Prototype Pollution due to improper handling of Cookies when using CookieJar in rejectPublicSuffixes=false mode. This issue arises from the manner in which the objects are initialized.,,critical,CVE-2023-26136,,Gemnasium-d118b621-5e35-4aa7-895e-dcee6984cb08,2023-12-05 15:47:22 UTC,"{""file""=>""package-lock.json"", ""dependency""=>{""package""=>{""name""=>""tough-cookie""}, ""version""=>""2.2.2""}}",false,"",test-group260849/NodeGoat/101844224,CVSS:3.1/AV:N/AC:L/PR:N/UI:N/S:U/C:H/I:H/A:H=NVD
Test-Group,NodeGoat,dependency_scanning,Gemnasium,detected,Cross-site Scripting,"In Bootstrap, XSS is possible in the tooltip data-viewport attribute.",,medium,CVE-2018-20676,,Gemnasium-9b222f1e-c20e-46e1-baab-44e5d4adda80,2023-12-05 15:47:22 UTC,"{""file""=>""app/assets/vendor/bootstrap/bootstrap.js"", ""dependency""=>{""package""=>{""name""=>""bootstrap""}, ""version""=>""3.0.0""}}",false,"",test-group260849/NodeGoat/101844225,CVSS:3.0/AV:N/AC:L/PR:N/UI:R/S:C/C:L/I:L/A:N=NVD; AV:N/AC:M/Au:N/C:N/I:P/A:N=NVD
Test-Group,NodeGoat,dependency_scanning,Gemnasium,detected,Improper Limitation of a Pathname to a Restricted Directory ('Path Traversal'),Path Traversal in GitHub repository gruntjs/grunt prior to 1.5.2.,,medium,CVE-2022-0436,,Gemnasium-48ddd9da-ab87-4da3-a5d2-f0433a3636c8,2023-12-05 15:47:22 UTC,"{""file""=>""package-lock.json"", ""dependency""=>{""package""=>{""name""=>""grunt""}, ""version""=>""1.0.3""}}",false,"",test-group260849/NodeGoat/101844226,CVSS:3.1/AV:L/AC:L/PR:L/UI:N/S:U/C:H/I:N/A:N=NVD; AV:L/AC:L/Au:N/C:P/I:N/A:N=NVD
Test-Group,NodeGoat,dependency_scanning,Gemnasium,detected,Path Traversal,"The adm-zip npm library is vulnerable to directory traversal, allowing attackers to write to arbitrary files via a `../` in a Zip archive entry that is mishandled during extraction.",,medium,CVE-2018-1002204,,Gemnasium-1ccbd0cd-66f3-43ec-b9bf-ad5714092ffd,2023-12-05 15:47:22 UTC,"{""file""=>""package-lock.json"", ""dependency""=>{""package""=>{""name""=>""adm-zip""}, ""version""=>""0.4.4""}}",false,"",test-group260849/NodeGoat/101844227,CVSS:3.1/AV:L/AC:L/PR:N/UI:R/S:U/C:N/I:H/A:N=NVD; AV:N/AC:M/Au:N/C:N/I:P/A:N=NVD
Test-Group,NodeGoat,dependency_scanning,Gemnasium,detected,Improper Input Validation,"index.js in brace-expansion before 1.1.7 is vulnerable to Regular Expression Denial of Service (ReDoS) attacks, as demonstrated by an expand argument containing many comma characters.",,high,CVE-2017-18077,,Gemnasium-bdb2b6c6-ad02-44a3-bc87-bcf2457e03c8; GHSA-832h-xg76-4gv6,2023-12-05 15:47:22 UTC,"{""file""=>""package-lock.json"", ""dependency""=>{""package""=>{""name""=>""brace-expansion""}, ""version""=>""1.1.6""}}",false,"",test-group260849/NodeGoat/101844228,CVSS:3.0/AV:N/AC:L/PR:N/UI:N/S:U/C:N/I:N/A:H=NVD; AV:N/AC:L/Au:N/C:N/I:N/A:P=NVD
Test-Group,NodeGoat,dependency_scanning,Gemnasium,detected,Got allows a redirect to a UNIX socket,The got package before 12.1.0 (also fixed in 11.8.5) for Node.js allows a redirect to a UNIX socket.,,medium,CVE-2022-33987,,GHSA-pfrx-2q88-qq97; Gemnasium-77f47a89-6244-4e5a-bff7-ee19d6a0be35,2023-12-05 15:47:22 UTC,"{""file""=>""package-lock.json"", ""dependency""=>{""package""=>{""name""=>""got""}, ""version""=>""6.7.1""}}",false,"",test-group260849/NodeGoat/101844229,CVSS:3.1/AV:N/AC:L/PR:N/UI:N/S:U/C:N/I:L/A:N=NVD; AV:N/AC:L/Au:N/C:N/I:P/A:N=NVD
Test-Group,NodeGoat,dependency_scanning,Gemnasium,detected,Uncontrolled Resource Consumption,Handlebars before 4.4.5 allows Regular Expression Denial of Service (ReDoS) because of eager matching. The parser may be forced into an endless loop while processing crafted templates. This may allow attackers to exhaust system resources.,,high,CVE-2019-20922,,GHSA-62gr-4qp9-h98f; Gemnasium-0df68a45-e826-4251-9887-8e0d20fb7a7f,2023-12-05 15:47:22 UTC,"{""file""=>""package-lock.json"", ""dependency""=>{""package""=>{""name""=>""handlebars""}, ""version""=>""4.0.5""}}",false,"",test-group260849/NodeGoat/101844230,CVSS:3.1/AV:N/AC:L/PR:N/UI:N/S:U/C:N/I:N/A:H=NVD; AV:N/AC:L/Au:N/C:N/I:N/A:C=NVD
Test-Group,NodeGoat,dependency_scanning,Gemnasium,detected,Prototype Pollution in minimist,"Minimist <=1.2.5 is vulnerable to Prototype Pollution via file index.js, function setKey() (lines 69-95).",,critical,CVE-2021-44906,,Gemnasium-9d7c0895-2bb9-442d-9a89-eff7a63c0438; GHSA-xvch-5gv4-984h,2023-12-05 15:47:22 UTC,"{""file""=>""package-lock.json"", ""dependency""=>{""package""=>{""name""=>""minimist""}, ""version""=>""0.0.10""}}",false,"",test-group260849/NodeGoat/101844231,CVSS:3.1/AV:N/AC:L/PR:N/UI:N/S:U/C:H/I:H/A:H=NVD; AV:N/AC:L/Au:N/C:P/I:P/A:P=NVD
Test-Group,NodeGoat,dependency_scanning,Gemnasium,detected,Improper Neutralization of Special Elements used in an OS Command ('OS Command Injection'),Improper Neutralization of Special Elements used in an OS Command ('OS Command Injection') in js-yaml.,,unknown,,,Gemnasium-60f608f5-d189-4c04-985f-8c3fe3431a2c; GHSA-8j8c-7jfh-h6hx,2023-12-05 15:47:22 UTC,"{""file""=>""package-lock.json"", ""dependency""=>{""package""=>{""name""=>""js-yaml""}, ""version""=>""3.5.5""}}",false,"",test-group260849/NodeGoat/101844232,""
Test-Group,NodeGoat,dependency_scanning,Gemnasium,detected,Improper Neutralization of Input During Web Page Generation ('Cross-site Scripting'),Cross Site Scripting vulnerability in jQuery 2.2.0 through 3.x before 3.5.0 allows a remote attacker to execute arbitrary code via the <options> element.,,medium,CVE-2020-23064,,Gemnasium-02840a8e-ab57-4a58-8d70-7395a62b4665; GHSA-257q-pv89-v3xv,2023-12-05 15:47:22 UTC,"{""file""=>""app/assets/vendor/jquery.min.js"", ""dependency""=>{""package""=>{""name""=>""jquery""}, ""version""=>""1.10.2""}}",false,"",test-group260849/NodeGoat/101844233,CVSS:3.1/AV:N/AC:L/PR:N/UI:R/S:C/C:L/I:L/A:N=NVD
Test-Group,NodeGoat,dependency_scanning,Gemnasium,detected,Time-of-check Time-of-use (TOCTOU) Race Condition,A TOCTOU issue in the chownr package for `Node.js` could allow a local attacker to trick it into descending into unintended directories via symlink attacks.,,low,CVE-2017-18869,,Gemnasium-cc4ad09e-5ba2-4e30-81e6-3703cf3609a0,2023-12-05 15:47:22 UTC,"{""file""=>""package-lock.json"", ""dependency""=>{""package""=>{""name""=>""chownr""}, ""version""=>""1.0.1""}}",false,"",test-group260849/NodeGoat/101844234,CVSS:3.1/AV:L/AC:H/PR:L/UI:N/S:U/C:N/I:L/A:N=NVD; AV:L/AC:M/Au:N/C:N/I:P/A:N=NVD
Test-Group,NodeGoat,dependency_scanning,Gemnasium,detected,Uncontrolled Resource Consumption,"A prototype pollution vulnerability was found in lodash where the functions `merge`, `mergeWith`, and `defaultsDeep` can be tricked into adding or modifying properties of `Object.prototype`.",,critical,CVE-2018-16487,,Gemnasium-d8822263-8a6f-43ea-bb6b-7a2a0cabdf5c,2023-12-05 15:47:22 UTC,"{""file""=>""package-lock.json"", ""dependency""=>{""package""=>{""name""=>""lodash""}, ""version""=>""2.4.2""}}",false,"",test-group260849/NodeGoat/101844235,CVSS:3.0/AV:N/AC:L/PR:N/UI:N/S:U/C:H/I:H/A:H=NVD; AV:N/AC:L/Au:N/C:P/I:P/A:P=NVD
Test-Group,NodeGoat,dependency_scanning,Gemnasium,detected,Improper Neutralization of Input During Web Page Generation ('Cross-site Scripting'),"In Bootstrap before 3.4.1 and 4.3.x before 4.3.1, XSS is possible in the tooltip or popover data-template attribute.",,medium,CVE-2019-8331,,Gemnasium-947ed14c-b2ac-4185-85de-962f85af08c9; GHSA-wh77-3x4m-4q9g,2023-12-05 15:47:22 UTC,"{""file""=>""app/assets/vendor/bootstrap/bootstrap.js"", ""dependency""=>{""package""=>{""name""=>""bootstrap""}, ""version""=>""3.0.0""}}",false,"",test-group260849/NodeGoat/101844236,CVSS:3.1/AV:N/AC:L/PR:N/UI:R/S:C/C:L/I:L/A:N=NVD; AV:N/AC:M/Au:N/C:N/I:P/A:N=NVD
Test-Group,NodeGoat,dependency_scanning,Gemnasium,detected,Improper Input Validation,minimist could be tricked into adding or modifying properties of `Object.prototype` using a `constructor` or `__proto__` payload.,,medium,CVE-2020-7598,,Gemnasium-53e8766c-27eb-4278-8c4f-3dcef53a68bf,2023-12-05 15:47:22 UTC,"{""file""=>""package-lock.json"", ""dependency""=>{""package""=>{""name""=>""minimist""}, ""version""=>""0.0.10""}}",false,"",test-group260849/NodeGoat/101844237,CVSS:3.1/AV:N/AC:H/PR:N/UI:N/S:U/C:L/I:L/A:L=NVD; AV:N/AC:M/Au:N/C:P/I:P/A:P=NVD
Test-Group,NodeGoat,dependency_scanning,Gemnasium,detected,Prototype pollution attack,"The `merge` function, and the `applyToDefaults` and `applyToDefaultsWithShallow` functions which leverage `merge` behind the scenes, are vulnerable to a prototype pollution attack when provided an unvalidated payload created from a JSON string containing the `__proto__` property.",,high,CVE-2018-3728,,Gemnasium-ecfd31cc-df09-48ff-9f79-af1c4f989b49,2023-12-05 15:47:22 UTC,"{""file""=>""package-lock.json"", ""dependency""=>{""package""=>{""name""=>""hoek""}, ""version""=>""0.9.1""}}",false,"",test-group260849/NodeGoat/101844238,CVSS:3.0/AV:N/AC:L/PR:L/UI:N/S:U/C:H/I:H/A:H=NVD; AV:N/AC:L/Au:S/C:P/I:P/A:P=NVD
Test-Group,NodeGoat,dependency_scanning,Gemnasium,detected,Improper Input Validation,yargs-parser could be tricked into adding or modifying properties of `Object.prototype` using a `__proto__` payload.,,medium,CVE-2020-7608,,Gemnasium-a9e73366-2694-40b0-bcc1-795368307084,2023-12-05 15:47:22 UTC,"{""file""=>""package-lock.json"", ""dependency""=>{""package""=>{""name""=>""yargs-parser""}, ""version""=>""2.4.1""}}",false,"",test-group260849/NodeGoat/101844239,CVSS:3.1/AV:L/AC:L/PR:L/UI:N/S:U/C:L/I:L/A:L=NVD; AV:L/AC:L/Au:N/C:P/I:P/A:P=NVD
Test-Group,NodeGoat,dependency_scanning,Gemnasium,detected,Improperly Controlled Modification of Object Prototype Attributes ('Prototype Pollution'),"qs before 6.10.3, as used in Express before 4.17.3 and other products, allows attackers to cause a Node process hang for an Express application because an __ proto__ key can be used. In many typical Express use cases, an unauthenticated remote attacker can place the attack payload in the query string of the URL that is used to visit the application, such as a[__proto__]=b&a[__proto__]&a[length]=100000000. The fix was backported to qs 6.9.7, 6.8.3, 6.7.3, 6.6.1, 6.5.3, 6.4.1, 6.3.3, and 6.2.4 (and therefore Express 4.17.3, which has ""deps: qs@6.9.7"" in its release description, is not vulnerable).",,high,CVE-2022-24999,,Gemnasium-3d83a0e0-db17-448c-a5f2-f3751fd07eb0,2023-12-05 15:47:22 UTC,"{""file""=>""package-lock.json"", ""dependency""=>{""package""=>{""name""=>""express""}, ""version""=>""4.16.4""}}",false,"",test-group260849/NodeGoat/101844240,CVSS:3.1/AV:N/AC:L/PR:N/UI:N/S:U/C:N/I:N/A:H=NVD
Test-Group,NodeGoat,dependency_scanning,Gemnasium,detected,Uncontrolled Resource Consumption,lodash is affected by Uncontrolled Resource Consumption which can lead to a denial of service.,,medium,CVE-2019-1010266,,Gemnasium-109f3b4c-bdb3-48be-b2f9-e0348fba64bd,2023-12-05 15:47:22 UTC,"{""file""=>""package-lock.json"", ""dependency""=>{""package""=>{""name""=>""lodash""}, ""version""=>""2.4.2""}}",false,"",test-group260849/NodeGoat/101844241,CVSS:3.0/AV:N/AC:L/PR:L/UI:N/S:U/C:N/I:N/A:H=NVD; AV:N/AC:L/Au:S/C:N/I:N/A:P=NVD
Test-Group,NodeGoat,dependency_scanning,Gemnasium,detected,Path Traversal: 'dir/../../filename',"Moment.js is a JavaScript date library for parsing, validating, manipulating, and formatting dates. A path traversal vulnerability impacts npm (server) users of Moment.js between versions 1.0.1 and 2.29.1, especially if a user-provided locale string is directly used to switch moment locale. This problem is patched in 2.29.2, and the patch can be applied to all affected versions. As a workaround, sanitize the user-provided locale name before passing it to Moment.js.",,high,CVE-2022-24785,,Gemnasium-d8d3745b-ac49-4331-a071-bc2dd383870f; GHSA-8hfj-j24r-96c4,2023-12-05 15:47:22 UTC,"{""file""=>""package-lock.json"", ""dependency""=>{""package""=>{""name""=>""moment""}, ""version""=>""2.24.0""}}",false,"",test-group260849/NodeGoat/101844242,CVSS:3.1/AV:N/AC:L/PR:N/UI:N/S:U/C:N/I:H/A:N=NVD; AV:N/AC:L/Au:N/C:N/I:P/A:N=NVD
Test-Group,NodeGoat,dependency_scanning,Gemnasium,detected,Uncontrolled Resource Consumption,A vulnerability was found in Braces versions prior to 2.3.1. Affected versions of this package are vulnerable to Regular Expression Denial of Service (ReDoS) attacks.,,medium,CVE-2018-1109,,Gemnasium-d5ce6a1a-0411-4ab6-9767-9cde8566be0d; GHSA-cwfw-4gq5-mrqx,2023-12-05 15:47:22 UTC,"{""file""=>""package-lock.json"", ""dependency""=>{""package""=>{""name""=>""braces""}, ""version""=>""1.8.5""}}",false,"",test-group260849/NodeGoat/101844243,CVSS:3.1/AV:N/AC:L/PR:N/UI:N/S:U/C:N/I:N/A:L=NVD; AV:N/AC:L/Au:N/C:N/I:N/A:P=NVD
Test-Group,NodeGoat,dependency_scanning,Gemnasium,detected,Injection Vulnerability,A prototype pollution vulnerability was found in module extend that allows an attacker to inject arbitrary properties onto `Object.prototype`.,,critical,CVE-2018-16492,,Gemnasium-d2a61bcb-1cd8-4248-a1aa-e8dc9320c424,2023-12-05 15:47:22 UTC,"{""file""=>""package-lock.json"", ""dependency""=>{""package""=>{""name""=>""extend""}, ""version""=>""3.0.0""}}",false,"",test-group260849/NodeGoat/101844244,CVSS:3.0/AV:N/AC:L/PR:N/UI:N/S:U/C:H/I:H/A:H=NVD; AV:N/AC:L/Au:N/C:P/I:P/A:P=NVD
Test-Group,NodeGoat,dependency_scanning,Gemnasium,detected,Path Traversal,npm is vulnerable to an Arbitrary File Write.,,medium,CVE-2019-16777,,Gemnasium-ddb1d8a2-73df-4e15-8c03-78e5772b3514; GHSA-4328-8hgf-7wjr,2023-12-05 15:47:22 UTC,"{""file""=>""package-lock.json"", ""dependency""=>{""package""=>{""name""=>""npm""}, ""version""=>""3.10.10""}}",false,"",test-group260849/NodeGoat/101844245,CVSS:3.1/AV:N/AC:L/PR:L/UI:N/S:U/C:N/I:H/A:N=NVD; AV:N/AC:L/Au:S/C:N/I:P/A:P=NVD
Test-Group,NodeGoat,dependency_scanning,Gemnasium,detected,Uncontrolled Resource Consumption,It was discovered that the is-my-json-valid JavaScript library used an inefficient regular expression to validate JSON fields defined to have email format. A specially crafted JSON file could cause it to consume an excessive amount of CPU time when validated.,,medium,CVE-2018-1107,,GHSA-4hpf-3wq7-5rpr; Gemnasium-1681e392-af5d-42b0-a6d2-8760128fe7d0,2023-12-05 15:47:22 UTC,"{""file""=>""package-lock.json"", ""dependency""=>{""package""=>{""name""=>""is-my-json-valid""}, ""version""=>""2.15.0""}}",false,"",test-group260849/NodeGoat/101844246,CVSS:3.1/AV:N/AC:L/PR:N/UI:N/S:U/C:N/I:N/A:L=NVD; AV:N/AC:L/Au:N/C:N/I:N/A:P=NVD
Test-Group,NodeGoat,dependency_scanning,Gemnasium,detected,Deserialization of Untrusted Data,Incorrect parsing of certain JSON input may result in js-bson not correctly serializing BSON. This may cause unexpected application behaviour including data disclosure.,,medium,CVE-2019-2391,,Gemnasium-0cb74b48-0049-46de-b91e-929fb920018d,2023-12-05 15:47:22 UTC,"{""file""=>""package-lock.json"", ""dependency""=>{""package""=>{""name""=>""bson""}, ""version""=>""1.0.9""}}",false,"",test-group260849/NodeGoat/101844247,CVSS:3.1/AV:N/AC:L/PR:L/UI:N/S:U/C:L/I:L/A:N=NVD; AV:N/AC:L/Au:S/C:P/I:P/A:N=NVD
Test-Group,NodeGoat,dependency_scanning,Gemnasium,detected,Modification of Assumed-Immutable Data (MAID),"lodash node module suffers from a Modification of Assumed-Immutable Data (MAID) vulnerability via defaultsDeep, merge, and mergeWith functions, which allows a malicious user to modify the prototype of `Object` via `__proto__`, causing the addition or modification of an existing property that will exist on all objects.",,medium,CVE-2018-3721,,Gemnasium-d85c7e84-cd50-4829-85a4-7e0e69f1b396,2023-12-05 15:47:22 UTC,"{""file""=>""package-lock.json"", ""dependency""=>{""package""=>{""name""=>""lodash""}, ""version""=>""2.4.2""}}",false,"",test-group260849/NodeGoat/101844248,CVSS:3.0/AV:N/AC:L/PR:L/UI:N/S:U/C:N/I:H/A:N=NVD; AV:N/AC:L/Au:S/C:N/I:P/A:N=NVD
Test-Group,NodeGoat,dependency_scanning,Gemnasium,detected,Regular Expression Denial of Service,"The marked module is vulnerable to a regular expression denial of service. Based on the information published in the public issue, 1k characters can block for around 6 seconds.",,unknown,,,Gemnasium-1ea42320-be49-483b-b3fc-8a3a090e9d6a,2023-12-05 15:47:22 UTC,"{""file""=>""package-lock.json"", ""dependency""=>{""package""=>{""name""=>""marked""}, ""version""=>""0.3.5""}}",false,"",test-group260849/NodeGoat/101844249,""
Test-Group,NodeGoat,dependency_scanning,Gemnasium,detected,UNIX Symbolic Link (Symlink) Following,Versions of the npm CLI prior to 6.13.3 are vulnerable to an Arbitrary File Write. It is possible for packages to create symlinks to files outside of thenode_modules folder through the bin field upon installation. A properly constructed entry in the package.json bin field would allow a package publisher to create a symlink pointing to arbitrary files on a user's system when the package is installed. This behavior is still possible through install scripts. This vulnerability bypasses a user using the --ignore-scripts install option.,,medium,CVE-2019-16775,,GHSA-m6cx-g6qm-p2cx; Gemnasium-78662026-d8d3-4729-a09f-c21292a56280,2023-12-05 15:47:22 UTC,"{""file""=>""package-lock.json"", ""dependency""=>{""package""=>{""name""=>""npm""}, ""version""=>""3.10.10""}}",false,"",test-group260849/NodeGoat/101844250,CVSS:3.1/AV:N/AC:L/PR:L/UI:N/S:U/C:N/I:H/A:N=NVD; AV:N/AC:L/Au:S/C:N/I:P/A:N=NVD
Test-Group,NodeGoat,dependency_scanning,Gemnasium,detected,Malware in fsevents,"This advisory is intended to inform the npm ecosystem with details to resolve a third-party malware incident that may have impacted your infrastructure if you are directly or transitively dependent on the [fsevents](https://www.npmjs.com/package/fsevents) npm package.

fsevents v1.0.0 <= v1.2.10 downloaded binary executables that contained unintended code due to an expired cloud storage resource being reclaimed by a third party.

The fsevents npm package v1.0.0 through v1.2.10 attempts to fetch a pre-built binary executable artifact (fse.node) from cloud storage. If this fetch fails, fsevents v1.x will attempt to build this artifact directly from source.

Version 1.x of fsevents has been deprecated for several years and as a result the aforementioned cloud storage resource namespace was available for registration. A third party, unrelated to the fsevents maintainers, subsequently claimed this namespace and in April 2023 this third party started serving modified versions of the â€œfse.nodeâ€ binary executable artifact to new fsevents v1.x users.

As of April 27, 2023 the cloud storage resource in question has been indefinitely suspended and is no longer serving binaries.

The affected cloud storage pre-fetch was [removed](https://github.com/fsevents/fsevents/commit/909af26846834642c81d19f4148afa3b7557b058) in fsevents version 1.2.11.

The impact of the modified versions of fse.node appears to be limited to information gathering.

Note that initial analysis was performed for the modified artifact associated with fsevents v1.2.9, which was distributed as fse-v1.2.9-node-v72-darwin-x64.tar.gz prior to the cloud storage resource being suspended.

For more detailed analysis you may compare a decompilation of the v1.x fse.node artifacts on your systems with the intended fsevents v1.x source as it exists at https://github.com/fsevents/fsevents/tree/v1.x

 If you are dependent on the deprecated version of fsevents v1.x, the recommended course of action is to upgrade to fsevents v2.x or remove the dependency altogether as currently maintained versions of Node.js no longer require fsevents for file system watching on macOS.

",,unknown,,,Gemnasium-d44c8e33-2a10-459f-853e-bd94088a20b9; GHSA-xv2f-5jw4-v95m,2023-12-05 15:47:22 UTC,"{""file""=>""package-lock.json"", ""dependency""=>{""package""=>{""name""=>""fsevents""}, ""version""=>""1.2.9""}}",false,"",test-group260849/NodeGoat/101844251,""
Test-Group,NodeGoat,dependency_scanning,Gemnasium,detected,Denial of Service and remote code execution,"Functions in Lodash ( merge, mergeWith, defaultsDeep) can modify the prototype of ""Object"" if given malicious data. This can lead to denial of service or remote code execution.",,unknown,,,Gemnasium-46774bb9-9ce5-4ffe-9bc8-4e610d24df43,2023-12-05 15:47:22 UTC,"{""file""=>""package-lock.json"", ""dependency""=>{""package""=>{""name""=>""lodash""}, ""version""=>""2.4.2""}}",false,"",test-group260849/NodeGoat/101844252,""
Test-Group,NodeGoat,dependency_scanning,Gemnasium,detected,Improper Privilege Management,shelljs is vulnerable to Improper Privilege Management,,high,CVE-2022-0144,,GHSA-4rq4-32rv-6wp6; Gemnasium-ae3a382b-8614-4549-8369-2f6735ac5bf3,2023-12-05 15:47:22 UTC,"{""file""=>""package-lock.json"", ""dependency""=>{""package""=>{""name""=>""shelljs""}, ""version""=>""0.3.0""}}",false,"",test-group260849/NodeGoat/101844253,CVSS:3.1/AV:L/AC:L/PR:L/UI:N/S:U/C:H/I:N/A:H=NVD; AV:L/AC:L/Au:N/C:P/I:N/A:P=NVD
Test-Group,NodeGoat,dependency_scanning,Gemnasium,detected,OS Command Injection,"Growl does not properly sanitize input before passing it to exec, allowing for arbitrary command execution.",,critical,CVE-2017-16042,,Gemnasium-f15b4abd-b266-46c6-9b2d-68543690394a,2023-12-05 15:47:22 UTC,"{""file""=>""package-lock.json"", ""dependency""=>{""package""=>{""name""=>""growl""}, ""version""=>""1.9.2""}}",false,"",test-group260849/NodeGoat/101844254,CVSS:3.0/AV:N/AC:L/PR:N/UI:N/S:U/C:H/I:H/A:H=NVD; AV:N/AC:L/Au:N/C:P/I:P/A:P=NVD
Test-Group,NodeGoat,dependency_scanning,Gemnasium,detected,Improper Neutralization of Special Elements used in an OS Command ('OS Command Injection'),Improper Neutralization of Special Elements used in an OS Command ('OS Command Injection') in handlebars.,,unknown,,,GHSA-q42p-pg8m-cqh6; Gemnasium-533be572-d7c6-4271-b187-9f21380f4ed3,2023-12-05 15:47:22 UTC,"{""file""=>""package-lock.json"", ""dependency""=>{""package""=>{""name""=>""handlebars""}, ""version""=>""4.0.5""}}",false,"",test-group260849/NodeGoat/101844255,""
Test-Group,NodeGoat,dependency_scanning,Gemnasium,detected,Regular Expression Denial of Service in braces,"Versions of `braces` prior to 2.3.1 are vulnerable to Regular Expression Denial of Service (ReDoS). Untrusted input may cause catastrophic backtracking while matching regular expressions. This can cause the application to be unresponsive leading to Denial of Service.


## Recommendation

Upgrade to version 2.3.1 or higher.",,unknown,,,GHSA-g95f-p29q-9xw4; Gemnasium-45801779-7e6f-46ff-b10b-b7f318dc54d2,2023-12-05 15:47:22 UTC,"{""file""=>""package-lock.json"", ""dependency""=>{""package""=>{""name""=>""braces""}, ""version""=>""1.8.5""}}",false,"",test-group260849/NodeGoat/101844256,""
Test-Group,NodeGoat,dependency_scanning,Gemnasium,detected,Cross-site Scripting,marked is vulnerable to an XSS attack in the data: URI parser.,,medium,CVE-2017-1000427,,Gemnasium-a6d18f21-b3b5-4135-9aca-307eb2470b0a,2023-12-05 15:47:22 UTC,"{""file""=>""package-lock.json"", ""dependency""=>{""package""=>{""name""=>""marked""}, ""version""=>""0.3.5""}}",false,"",test-group260849/NodeGoat/101844257,CVSS:3.0/AV:N/AC:L/PR:N/UI:R/S:C/C:L/I:L/A:N=NVD; AV:N/AC:M/Au:N/C:N/I:P/A:N=NVD
Test-Group,NodeGoat,dependency_scanning,Gemnasium,detected,Improper Input Validation,"If a request is made using `multipart`, and the body type is a `number`, then the specified number of non-zero memory is passed in the body.",,medium,CVE-2017-16026,,Gemnasium-3915be40-780e-4049-8393-7871acdbe580,2023-12-05 15:47:22 UTC,"{""file""=>""package-lock.json"", ""dependency""=>{""package""=>{""name""=>""request""}, ""version""=>""2.36.0""}}",false,"",test-group260849/NodeGoat/101844258,CVSS:3.0/AV:N/AC:H/PR:N/UI:N/S:U/C:H/I:N/A:N=NVD; AV:N/AC:M/Au:N/C:C/I:N/A:N=NVD
Test-Group,NodeGoat,dependency_scanning,Gemnasium,detected,Uncontrolled Resource Consumption,"All versions of package lodash; all versions of package `org.fujion.webjars:lodash` is vulnerable to Regular Expression Denial of Service (ReDoS) via the `toNumber`, `trim` and `trimEnd` functions.",,medium,CVE-2020-28500,,Gemnasium-dfb5ce4b-88fa-4c99-9a00-c13bc4d39ff0,2023-12-05 15:47:22 UTC,"{""file""=>""package-lock.json"", ""dependency""=>{""package""=>{""name""=>""lodash""}, ""version""=>""2.4.2""}}",false,"",test-group260849/NodeGoat/101844259,CVSS:3.1/AV:N/AC:L/PR:N/UI:N/S:U/C:N/I:N/A:L=NVD; AV:N/AC:L/Au:N/C:N/I:N/A:P=NVD
Test-Group,NodeGoat,dependency_scanning,Gemnasium,detected,Regular Expression Denial of Service,Untrusted input may cause catastrophic backtracking while matching regular expressions. This can cause the application to be unresponsive leading to Denial of Service.,,unknown,,,Gemnasium-2e432200-f475-447e-ab52-be43b580a77d,2023-12-05 15:47:22 UTC,"{""file""=>""package-lock.json"", ""dependency""=>{""package""=>{""name""=>""braces""}, ""version""=>""1.8.5""}}",false,"",test-group260849/NodeGoat/101844260,""
